category_ID,product_ID,status
36,1,1
39,1,1
40,1,1
28,2,1
32,2,1
36,3,1
37,3,1
41,3,1
36,4,1
38,4,1
44,4,1
36,5,1
36,6,1
40,6,1
49,7,1
53,7,1
58,7,1
36,8,1
37,8,1
43,8,1
28,9,1
29,9,1
36,10,1
37,10,1
43,10,1
49,11,1
50,11,1
49,13,1
52,13,1
36,14,1
28,15,1
29,15,1
36,16,1
37,16,1
43,16,1
36,17,1
36,18,1
39,18,1
47,18,1
36,19,1
39,19,1
46,19,1
36,20,1
39,20,1
46,20,1
36,21,1
37,21,1
43,21,1
36,22,1
36,23,1
39,23,1
46,23,1
49,24,1
50,24,1
49,25,1
53,25,1
58,25,1
36,26,1
37,26,1
43,26,1
28,27,1
29,27,1
36,28,1
39,28,1
46,28,1
49,30,1
50,30,1
49,31,1
53,31,1
58,31,1
1,32,1
14,32,1
28,33,1
31,33,1
36,36,1
37,36,1
43,36,1
36,37,1
36,39,1
39,39,1
46,39,1
36,40,1
37,40,1
43,40,1
36,41,1
19,42,1
23,42,1
36,43,1
37,43,1
43,43,1
36,44,1
37,44,1
43,44,1
49,45,1
51,45,1
36,46,1
39,46,1
46,46,1
1,47,1
14,47,1
49,48,1
52,48,1
36,49,1
39,49,1
46,49,1
19,50,1
23,50,1
19,51,1
23,51,1
36,52,1
36,53,1
37,53,1
43,53,1
49,54,1
53,54,1
58,54,1
36,55,1
37,55,1
43,55,1
1,56,1
14,56,1
36,57,1
49,58,1
53,58,1
58,58,1
28,59,1
31,59,1
49,60,1
52,60,1
1,61,1
13,61,1
49,62,1
53,62,1
58,62,1
49,63,1
51,63,1
1,64,1
13,64,1
36,66,1
39,66,1
46,66,1
49,67,1
53,67,1
58,67,1
36,68,1
37,68,1
43,68,1
36,69,1
37,69,1
43,69,1
49,72,1
52,72,1
36,74,1
37,74,1
43,74,1
36,75,1
39,75,1
47,75,1
49,77,1
53,77,1
58,77,1
28,80,1
29,80,1
36,81,1
37,81,1
43,81,1
49,82,1
53,82,1
58,82,1
28,83,1
31,83,1
36,84,1
39,84,1
47,84,1
36,85,1
39,85,1
46,85,1
36,86,1
39,86,1
46,86,1
49,87,1
50,87,1
28,88,1
31,88,1
36,89,1
39,89,1
46,89,1
36,91,1
1,92,1
14,92,1
49,93,1
51,93,1
36,94,1
37,94,1
43,94,1
36,95,1
39,95,1
46,95,1
1,96,1
14,96,1
28,97,1
29,97,1
49,98,1
53,98,1
58,98,1
28,99,1
31,99,1
36,100,1
36,101,1
39,101,1
46,101,1
49,102,1
50,102,1
36,103,1
37,103,1
43,103,1
28,104,1
29,104,1
36,105,1
37,105,1
43,105,1
36,106,1
37,106,1
43,106,1
28,107,1
31,107,1
36,108,1
37,108,1
43,108,1
19,109,1
23,109,1
28,110,1
29,110,1
36,111,1
39,111,1
47,111,1
1,112,1
13,112,1
49,113,1
51,113,1
28,114,1
31,114,1
28,115,1
29,115,1
36,117,1
39,117,1
47,117,1
36,118,1
37,118,1
43,118,1
49,119,1
52,119,1
49,120,1
53,120,1
58,120,1
36,122,1
37,122,1
43,122,1
28,123,1
29,123,1
36,125,1
37,125,1
43,125,1
49,126,1
51,126,1
36,127,1
39,127,1
46,127,1
36,128,1
39,128,1
47,128,1
36,130,1
37,130,1
43,130,1
36,131,1
37,131,1
43,131,1
49,132,1
52,132,1
49,133,1
51,133,1
36,134,1
49,135,1
50,135,1
36,136,1
36,137,1
36,138,1
37,138,1
43,138,1
36,139,1
37,139,1
43,139,1
49,140,1
50,140,1
49,141,1
50,141,1
49,143,1
50,143,1
36,144,1
39,144,1
46,144,1
49,145,1
53,145,1
58,145,1
28,146,1
31,146,1
49,147,1
51,147,1
49,148,1
50,148,1
36,149,1
37,149,1
43,149,1
36,150,1
37,150,1
43,150,1
19,152,1
23,152,1
36,153,1
1,154,1
14,154,1
1,155,1
14,155,1
19,157,1
23,157,1
36,158,1
36,159,1
1,160,1
13,160,1
19,162,1
23,162,1
36,163,1
37,163,1
43,163,1
36,164,1
37,164,1
43,164,1
49,165,1
51,165,1
36,166,1
36,167,1
37,167,1
43,167,1
19,168,1
23,168,1
28,169,1
29,169,1
28,170,1
29,170,1
1,171,1
14,171,1
36,173,1
49,174,1
50,174,1
49,175,1
53,175,1
58,175,1
36,176,1
37,176,1
43,176,1
36,178,1
37,178,1
43,178,1
1,179,1
14,179,1
28,180,1
31,180,1
36,181,1
49,182,1
50,182,1
19,184,1
23,184,1
36,185,1
37,185,1
43,185,1
1,187,1
13,187,1
36,188,1
39,188,1
47,188,1
1,189,1
14,189,1
19,191,1
23,191,1
49,192,1
52,192,1
28,193,1
29,193,1
49,196,1
53,196,1
58,196,1
28,198,1
29,198,1
36,200,1
37,200,1
43,200,1
49,201,1
50,201,1
1,202,1
13,202,1
36,203,1
37,203,1
43,203,1
28,204,1
31,204,1
36,205,1
39,205,1
47,205,1
36,208,1
39,208,1
47,208,1
36,209,1
37,209,1
43,209,1
49,210,1
50,210,1
1,211,1
14,211,1
49,212,1
51,212,1
36,213,1
39,213,1
46,213,1
36,214,1
37,214,1
43,214,1
36,216,1
37,216,1
43,216,1
49,217,1
53,217,1
58,217,1
28,218,1
29,218,1
49,219,1
50,219,1
49,220,1
51,220,1
36,221,1
37,221,1
43,221,1
36,222,1
37,222,1
43,222,1
36,223,1
37,223,1
43,223,1
19,224,1
23,224,1
49,226,1
50,226,1
36,227,1
39,227,1
46,227,1
36,229,1
37,229,1
43,229,1
49,230,1
52,230,1
49,231,1
53,231,1
58,231,1
36,232,1
37,232,1
43,232,1
36,233,1
39,233,1
47,233,1
36,234,1
28,235,1
31,235,1
28,236,1
31,236,1
1,237,1
14,237,1
36,238,1
37,238,1
43,238,1
36,239,1
37,239,1
43,239,1
28,240,1
31,240,1
49,241,1
50,241,1
36,242,1
37,242,1
43,242,1
36,244,1
37,244,1
43,244,1
49,245,1
50,245,1
49,246,1
52,246,1
49,248,1
50,248,1
49,249,1
53,249,1
58,249,1
49,250,1
53,250,1
58,250,1
19,252,1
23,252,1
1,253,1
13,253,1
36,254,1
36,256,1
1,257,1
13,257,1
49,258,1
52,258,1
49,259,1
52,259,1
36,260,1
37,260,1
43,260,1
28,262,1
31,262,1
36,264,1
36,265,1
37,265,1
43,265,1
49,266,1
51,266,1
1,267,1
13,267,1
36,268,1
39,268,1
47,268,1
49,269,1
50,269,1
36,270,1
39,270,1
47,270,1
36,272,1
37,272,1
43,272,1
36,273,1
39,273,1
47,273,1
49,274,1
50,274,1
1,275,1
14,275,1
49,277,1
50,277,1
1,278,1
13,278,1
49,279,1
51,279,1
36,280,1
37,280,1
43,280,1
49,281,1
51,281,1
36,282,1
37,282,1
43,282,1
28,283,1
29,283,1
36,284,1
28,285,1
29,285,1
49,286,1
53,286,1
58,286,1
49,287,1
50,287,1
1,288,1
14,288,1
36,289,1
49,290,1
53,290,1
58,290,1
28,291,1
29,291,1
36,292,1
37,292,1
43,292,1
49,293,1
53,293,1
58,293,1
49,294,1
50,294,1
28,295,1
29,295,1
36,296,1
37,296,1
43,296,1
36,297,1
37,297,1
43,297,1
36,298,1
39,298,1
46,298,1
49,299,1
53,299,1
58,299,1
36,300,1
37,300,1
43,300,1
36,301,1
39,301,1
47,301,1
36,302,1
37,302,1
43,302,1
36,303,1
37,303,1
43,303,1
36,304,1
37,304,1
43,304,1
36,305,1
39,305,1
46,305,1
36,306,1
37,306,1
43,306,1
49,307,1
51,307,1
28,308,1
29,308,1
19,309,1
23,309,1
1,310,1
14,310,1
49,311,1
53,311,1
58,311,1
1,313,1
13,313,1
36,315,1
39,315,1
47,315,1
36,316,1
1,317,1
14,317,1
49,318,1
53,318,1
58,318,1
36,319,1
36,320,1
36,321,1
37,321,1
43,321,1
36,322,1
37,322,1
43,322,1
36,323,1
37,323,1
43,323,1
49,324,1
51,324,1
28,325,1
31,325,1
36,326,1
37,326,1
43,326,1
36,327,1
36,328,1
39,328,1
47,328,1
49,329,1
50,329,1
36,330,1
39,330,1
46,330,1
36,331,1
37,331,1
43,331,1
36,332,1
39,332,1
46,332,1
49,334,1
52,334,1
49,335,1
51,335,1
28,336,1
29,336,1
36,340,1
37,340,1
43,340,1
36,341,1
39,341,1
47,341,1
36,342,1
37,342,1
43,342,1
49,343,1
50,343,1
1,344,1
13,344,1
49,345,1
53,345,1
58,345,1
36,346,1
39,346,1
47,346,1
49,347,1
51,347,1
36,349,1
37,349,1
43,349,1
36,350,1
37,350,1
43,350,1
36,351,1
37,351,1
43,351,1
36,353,1
37,353,1
43,353,1
19,354,1
23,354,1
49,356,1
51,356,1
49,357,1
53,357,1
58,357,1
49,358,1
52,358,1
36,359,1
39,359,1
46,359,1
1,362,1
13,362,1
49,364,1
53,364,1
58,364,1
49,365,1
50,365,1
1,366,1
14,366,1
49,367,1
53,367,1
58,367,1
28,368,1
31,368,1
36,369,1
37,369,1
43,369,1
36,370,1
36,371,1
37,371,1
43,371,1
36,372,1
49,373,1
51,373,1
36,374,1
39,374,1
47,374,1
49,375,1
53,375,1
58,375,1
49,376,1
53,376,1
58,376,1
28,377,1
31,377,1
36,378,1
37,378,1
43,378,1
36,379,1
39,379,1
46,379,1
49,381,1
50,381,1
49,382,1
50,382,1
36,383,1
37,383,1
43,383,1
49,384,1
51,384,1
36,385,1
39,385,1
47,385,1
49,386,1
51,386,1
49,387,1
51,387,1
1,388,1
13,388,1
49,389,1
53,389,1
58,389,1
49,390,1
53,390,1
58,390,1
36,391,1
39,391,1
46,391,1
49,392,1
51,392,1
49,393,1
51,393,1
1,394,1
14,394,1
1,395,1
13,395,1
36,396,1
37,396,1
43,396,1
36,397,1
36,398,1
36,400,1
37,400,1
43,400,1
19,401,1
23,401,1
1,403,1
13,403,1
36,404,1
28,406,1
31,406,1
1,408,1
13,408,1
49,409,1
51,409,1
19,410,1
23,410,1
49,411,1
50,411,1
28,414,1
29,414,1
1,415,1
14,415,1
49,416,1
53,416,1
58,416,1
28,417,1
29,417,1
28,418,1
29,418,1
36,419,1
37,419,1
43,419,1
36,420,1
39,420,1
46,420,1
36,421,1
39,421,1
46,421,1
36,422,1
37,422,1
43,422,1
36,423,1
37,423,1
43,423,1
36,424,1
37,424,1
43,424,1
28,425,1
31,425,1
49,426,1
53,426,1
58,426,1
49,427,1
52,427,1
1,428,1
13,428,1
28,429,1
31,429,1
49,430,1
51,430,1
36,431,1
37,431,1
43,431,1
28,432,1
31,432,1
28,433,1
31,433,1
36,435,1
37,435,1
43,435,1
28,436,1
29,436,1
49,437,1
50,437,1
28,438,1
31,438,1
36,439,1
39,439,1
47,439,1
49,440,1
53,440,1
58,440,1
36,442,1
37,442,1
43,442,1
1,443,1
14,443,1
36,444,1
39,444,1
46,444,1
36,445,1
39,445,1
46,445,1
49,446,1
51,446,1
36,447,1
39,447,1
47,447,1
1,448,1
14,448,1
36,449,1
39,449,1
47,449,1
28,451,1
31,451,1
19,453,1
23,453,1
36,454,1
19,456,1
23,456,1
49,457,1
53,457,1
58,457,1
49,458,1
52,458,1
1,459,1
14,459,1
36,460,1
39,460,1
46,460,1
36,461,1
39,461,1
47,461,1
49,462,1
52,462,1
1,463,1
13,463,1
49,464,1
51,464,1
36,465,1
39,465,1
47,465,1
36,466,1
39,466,1
46,466,1
36,468,1
1,469,1
14,469,1
36,470,1
39,470,1
47,470,1
36,471,1
37,471,1
43,471,1
1,473,1
13,473,1
49,474,1
50,474,1
36,477,1
36,478,1
37,478,1
43,478,1
49,479,1
53,479,1
58,479,1
36,480,1
37,480,1
43,480,1
36,482,1
39,482,1
46,482,1
49,483,1
52,483,1
36,484,1
39,484,1
46,484,1
49,485,1
53,485,1
58,485,1
36,486,1
39,486,1
47,486,1
36,487,1
39,487,1
46,487,1
28,488,1
29,488,1
36,489,1
37,489,1
43,489,1
28,490,1
29,490,1
36,492,1
37,492,1
43,492,1
36,493,1
37,493,1
43,493,1
49,495,1
53,495,1
58,495,1
36,496,1
37,496,1
43,496,1
49,497,1
53,497,1
58,497,1
1,498,1
14,498,1
36,499,1
39,499,1
46,499,1
36,501,1
39,501,1
47,501,1
36,502,1
37,502,1
43,502,1
36,503,1
49,504,1
53,504,1
58,504,1
36,505,1
37,505,1
43,505,1
36,506,1
1,507,1
14,507,1
49,508,1
52,508,1
36,510,1
37,510,1
43,510,1
19,511,1
23,511,1
49,512,1
50,512,1
1,513,1
14,513,1
49,515,1
53,515,1
58,515,1
36,516,1
37,516,1
43,516,1
28,518,1
29,518,1
49,519,1
50,519,1
36,520,1
37,520,1
43,520,1
36,521,1
39,521,1
46,521,1
36,522,1
39,522,1
46,522,1
36,523,1
39,523,1
47,523,1
36,524,1
37,524,1
43,524,1
49,525,1
51,525,1
1,526,1
13,526,1
36,527,1
37,527,1
43,527,1
36,528,1
39,528,1
46,528,1
49,529,1
50,529,1
49,530,1
51,530,1
19,531,1
23,531,1
36,532,1
37,532,1
43,532,1
49,533,1
53,533,1
58,533,1
36,534,1
37,534,1
43,534,1
36,536,1
37,536,1
43,536,1
36,538,1
37,538,1
43,538,1
28,539,1
31,539,1
36,540,1
39,540,1
46,540,1
28,542,1
29,542,1
49,543,1
50,543,1
49,545,1
50,545,1
1,546,1
13,546,1
1,547,1
13,547,1
36,548,1
39,548,1
47,548,1
36,549,1
36,551,1
37,551,1
43,551,1
36,553,1
39,553,1
47,553,1
49,554,1
50,554,1
28,555,1
29,555,1
36,557,1
37,557,1
43,557,1
36,558,1
39,558,1
47,558,1
1,559,1
14,559,1
28,560,1
31,560,1
36,561,1
37,561,1
43,561,1
49,562,1
50,562,1
36,563,1
39,563,1
47,563,1
36,564,1
39,564,1
46,564,1
28,565,1
31,565,1
49,566,1
50,566,1
49,568,1
50,568,1
1,569,1
13,569,1
1,570,1
14,570,1
36,571,1
39,571,1
46,571,1
1,573,1
13,573,1
28,574,1
31,574,1
36,575,1
36,576,1
37,576,1
43,576,1
19,577,1
23,577,1
36,578,1
37,578,1
43,578,1
49,579,1
53,579,1
58,579,1
1,580,1
14,580,1
36,581,1
37,581,1
43,581,1
49,582,1
53,582,1
58,582,1
49,583,1
52,583,1
36,584,1
37,584,1
43,584,1
36,585,1
39,585,1
47,585,1
36,586,1
37,586,1
43,586,1
36,587,1
37,587,1
43,587,1
49,588,1
50,588,1
49,589,1
51,589,1
28,590,1
29,590,1
36,591,1
39,591,1
46,591,1
49,592,1
53,592,1
58,592,1
36,593,1
28,594,1
29,594,1
36,595,1
39,595,1
47,595,1
36,597,1
37,597,1
43,597,1
49,598,1
50,598,1
36,599,1
37,599,1
43,599,1
28,600,1
31,600,1
49,601,1
53,601,1
58,601,1
28,602,1
29,602,1
19,603,1
23,603,1
49,604,1
52,604,1
49,605,1
50,605,1
49,606,1
51,606,1
36,607,1
37,607,1
43,607,1
36,608,1
39,608,1
47,608,1
36,609,1
1,610,1
14,610,1
36,611,1
39,611,1
47,611,1
28,612,1
31,612,1
49,613,1
51,613,1
49,615,1
53,615,1
58,615,1
36,616,1
37,616,1
43,616,1
36,618,1
37,618,1
43,618,1
36,619,1
37,619,1
43,619,1
36,620,1
1,622,1
13,622,1
36,624,1
39,624,1
47,624,1
36,625,1
37,625,1
43,625,1
36,626,1
36,627,1
37,627,1
43,627,1
36,628,1
37,628,1
43,628,1
36,629,1
49,630,1
53,630,1
58,630,1
36,631,1
37,631,1
43,631,1
36,632,1
39,632,1
46,632,1
36,633,1
1,634,1
13,634,1
19,635,1
23,635,1
28,636,1
31,636,1
49,637,1
53,637,1
58,637,1
36,639,1
28,640,1
31,640,1
36,641,1
28,642,1
31,642,1
28,643,1
31,643,1
28,644,1
29,644,1
1,645,1
14,645,1
49,646,1
51,646,1
19,648,1
23,648,1
49,649,1
51,649,1
49,650,1
53,650,1
58,650,1
1,651,1
14,651,1
19,652,1
23,652,1
36,653,1
37,653,1
43,653,1
36,654,1
39,654,1
46,654,1
49,655,1
53,655,1
58,655,1
19,656,1
23,656,1
19,657,1
23,657,1
36,658,1
39,658,1
47,658,1
49,659,1
52,659,1
36,660,1
37,660,1
43,660,1
49,661,1
52,661,1
36,662,1
37,662,1
43,662,1
1,664,1
13,664,1
28,665,1
29,665,1
36,666,1
28,667,1
29,667,1
49,668,1
53,668,1
58,668,1
1,669,1
14,669,1
1,671,1
13,671,1
36,672,1
37,672,1
43,672,1
49,673,1
50,673,1
36,674,1
39,674,1
47,674,1
49,675,1
52,675,1
1,676,1
13,676,1
36,677,1
37,677,1
43,677,1
28,678,1
29,678,1
49,679,1
53,679,1
58,679,1
1,680,1
14,680,1
28,681,1
29,681,1
49,683,1
52,683,1
36,684,1
37,684,1
43,684,1
49,685,1
52,685,1
1,688,1
13,688,1
36,689,1
39,689,1
47,689,1
36,690,1
1,692,1
13,692,1
1,693,1
13,693,1
49,694,1
50,694,1
49,695,1
53,695,1
58,695,1
1,696,1
13,696,1
36,697,1
39,697,1
47,697,1
36,699,1
37,699,1
43,699,1
36,700,1
37,700,1
43,700,1
49,702,1
53,702,1
58,702,1
49,703,1
51,703,1
36,705,1
39,705,1
46,705,1
1,707,1
14,707,1
28,708,1
29,708,1
49,709,1
52,709,1
49,710,1
53,710,1
58,710,1
36,711,1
37,711,1
43,711,1
49,712,1
53,712,1
58,712,1
36,713,1
37,713,1
43,713,1
36,715,1
37,715,1
43,715,1
1,716,1
13,716,1
28,717,1
29,717,1
36,718,1
36,719,1
39,719,1
47,719,1
49,720,1
52,720,1
49,721,1
51,721,1
36,722,1
36,723,1
37,723,1
43,723,1
36,725,1
37,725,1
43,725,1
1,726,1
14,726,1
36,727,1
37,727,1
43,727,1
36,728,1
37,728,1
43,728,1
49,729,1
53,729,1
58,729,1
1,730,1
13,730,1
28,731,1
31,731,1
49,736,1
53,736,1
58,736,1
49,737,1
52,737,1
28,738,1
31,738,1
1,739,1
13,739,1
49,740,1
50,740,1
1,743,1
14,743,1
49,744,1
52,744,1
49,745,1
51,745,1
49,746,1
53,746,1
58,746,1
36,748,1
39,748,1
46,748,1
28,749,1
31,749,1
36,751,1
39,751,1
46,751,1
36,754,1
37,754,1
43,754,1
49,755,1
51,755,1
36,756,1
39,756,1
47,756,1
36,759,1
36,760,1
39,760,1
47,760,1
36,762,1
39,762,1
46,762,1
36,763,1
37,763,1
43,763,1
49,765,1
51,765,1
49,766,1
50,766,1
36,767,1
37,767,1
43,767,1
36,768,1
39,768,1
47,768,1
36,769,1
39,769,1
47,769,1
49,771,1
52,771,1
36,772,1
37,772,1
43,772,1
49,773,1
53,773,1
58,773,1
28,774,1
29,774,1
36,775,1
36,776,1
39,776,1
46,776,1
36,777,1
39,777,1
47,777,1
36,778,1
39,778,1
47,778,1
1,779,1
13,779,1
36,780,1
49,781,1
52,781,1
36,782,1
39,782,1
47,782,1
1,783,1
14,783,1
36,784,1
39,784,1
47,784,1
28,785,1
31,785,1
28,786,1
31,786,1
36,787,1
39,787,1
47,787,1
49,789,1
50,789,1
1,790,1
13,790,1
49,791,1
50,791,1
36,792,1
49,793,1
53,793,1
58,793,1
49,794,1
52,794,1
19,796,1
23,796,1
49,798,1
53,798,1
58,798,1
1,799,1
13,799,1
49,800,1
51,800,1
1,801,1
13,801,1
1,802,1
14,802,1
28,803,1
29,803,1
36,804,1
37,804,1
43,804,1
36,805,1
36,806,1
39,806,1
46,806,1
1,809,1
14,809,1
36,810,1
37,810,1
43,810,1
49,811,1
53,811,1
58,811,1
49,812,1
50,812,1
49,813,1
52,813,1
1,814,1
14,814,1
19,815,1
23,815,1
36,816,1
49,817,1
53,817,1
58,817,1
1,818,1
14,818,1
28,819,1
29,819,1
49,820,1
52,820,1
36,821,1
37,821,1
43,821,1
49,822,1
51,822,1
36,823,1
37,823,1
43,823,1
36,824,1
37,824,1
43,824,1
1,825,1
14,825,1
36,827,1
37,827,1
43,827,1
36,828,1
39,828,1
46,828,1
49,829,1
51,829,1
49,830,1
53,830,1
58,830,1
49,831,1
50,831,1
1,833,1
13,833,1
49,834,1
51,834,1
36,835,1
37,835,1
43,835,1
28,836,1
31,836,1
1,837,1
13,837,1
36,838,1
37,838,1
43,838,1
1,839,1
13,839,1
36,840,1
37,840,1
43,840,1
28,841,1
29,841,1
49,843,1
53,843,1
58,843,1
36,844,1
37,844,1
43,844,1
36,845,1
37,845,1
43,845,1
49,846,1
51,846,1
36,847,1
37,847,1
43,847,1
28,848,1
31,848,1
49,849,1
51,849,1
36,850,1
39,850,1
46,850,1
36,851,1
49,852,1
52,852,1
19,854,1
23,854,1
1,855,1
14,855,1
49,856,1
52,856,1
49,857,1
51,857,1
1,858,1
14,858,1
36,859,1
37,859,1
43,859,1
1,860,1
13,860,1
1,861,1
13,861,1
36,863,1
39,863,1
47,863,1
49,864,1
51,864,1
36,865,1
37,865,1
43,865,1
49,866,1
50,866,1
49,867,1
51,867,1
28,868,1
31,868,1
19,869,1
23,869,1
1,870,1
13,870,1
49,871,1
53,871,1
58,871,1
28,872,1
29,872,1
28,874,1
29,874,1
28,875,1
31,875,1
36,876,1
37,876,1
43,876,1
36,877,1
49,880,1
53,880,1
58,880,1
36,881,1
37,881,1
43,881,1
19,882,1
23,882,1
1,884,1
13,884,1
49,887,1
53,887,1
58,887,1
36,888,1
37,888,1
43,888,1
36,889,1
39,889,1
46,889,1
1,890,1
13,890,1
1,891,1
13,891,1
36,892,1
36,893,1
39,893,1
47,893,1
36,894,1
37,894,1
43,894,1
49,895,1
53,895,1
58,895,1
28,897,1
29,897,1
1,898,1
13,898,1
36,899,1
37,899,1
43,899,1
49,900,1
53,900,1
58,900,1
36,901,1
37,901,1
43,901,1
49,902,1
51,902,1
49,903,1
53,903,1
58,903,1
28,904,1
31,904,1
36,905,1
19,906,1
23,906,1
49,907,1
52,907,1
36,909,1
37,909,1
43,909,1
36,910,1
37,910,1
43,910,1
36,911,1
49,913,1
50,913,1
1,914,1
14,914,1
36,915,1
37,915,1
43,915,1
49,916,1
53,916,1
58,916,1
19,917,1
23,917,1
36,918,1
37,918,1
43,918,1
28,920,1
31,920,1
1,921,1
14,921,1
1,923,1
14,923,1
1,924,1
13,924,1
49,925,1
53,925,1
58,925,1
36,926,1
39,926,1
46,926,1
36,927,1
39,927,1
47,927,1
1,928,1
13,928,1
36,929,1
37,929,1
43,929,1
49,930,1
53,930,1
58,930,1
1,931,1
14,931,1
36,932,1
37,932,1
43,932,1
49,933,1
52,933,1
19,934,1
23,934,1
49,935,1
52,935,1
49,936,1
53,936,1
58,936,1
36,939,1
37,939,1
43,939,1
28,940,1
31,940,1
36,941,1
37,941,1
43,941,1
28,942,1
29,942,1
36,944,1
37,944,1
43,944,1
49,945,1
52,945,1
36,946,1
39,946,1
47,946,1
49,947,1
53,947,1
58,947,1
36,948,1
37,948,1
43,948,1
1,949,1
14,949,1
28,950,1
31,950,1
49,951,1
53,951,1
58,951,1
36,952,1
39,952,1
47,952,1
1,953,1
14,953,1
49,955,1
53,955,1
58,955,1
36,956,1
39,956,1
47,956,1
36,957,1
37,957,1
43,957,1
49,958,1
53,958,1
58,958,1
28,959,1
29,959,1
36,960,1
37,960,1
43,960,1
49,961,1
51,961,1
36,962,1
19,963,1
23,963,1
36,965,1
37,965,1
43,965,1
49,966,1
53,966,1
58,966,1
49,968,1
50,968,1
36,969,1
37,969,1
43,969,1
36,970,1
39,970,1
46,970,1
49,971,1
50,971,1
36,972,1
39,972,1
46,972,1
36,973,1
37,973,1
43,973,1
19,974,1
23,974,1
49,975,1
53,975,1
58,975,1
36,976,1
49,977,1
53,977,1
58,977,1
28,978,1
29,978,1
36,979,1
49,980,1
51,980,1
1,981,1
13,981,1
36,982,1
49,983,1
52,983,1
36,984,1
49,985,1
51,985,1
49,986,1
53,986,1
58,986,1
36,987,1
37,987,1
43,987,1
49,989,1
53,989,1
58,989,1
36,990,1
37,990,1
43,990,1
36,991,1
37,991,1
43,991,1
36,992,1
37,992,1
43,992,1
36,995,1
37,995,1
43,995,1
36,996,1
39,996,1
47,996,1
1,997,1
13,997,1
36,998,1
39,998,1
47,998,1
1,999,1
13,999,1
49,1000,1
50,1000,1
49,1001,1
52,1001,1
49,1003,1
53,1003,1
58,1003,1
49,1004,1
53,1004,1
58,1004,1
19,1006,1
23,1006,1
19,1007,1
23,1007,1
28,1008,1
31,1008,1
49,1009,1
53,1009,1
58,1009,1
49,1010,1
53,1010,1
58,1010,1
36,1011,1
39,1011,1
47,1011,1
36,1012,1
37,1012,1
43,1012,1
36,1013,1
37,1013,1
43,1013,1
36,1014,1
37,1014,1
43,1014,1
19,1015,1
23,1015,1
36,1016,1
37,1016,1
43,1016,1
36,1017,1
37,1017,1
43,1017,1
36,1018,1
37,1018,1
43,1018,1
36,1019,1
37,1019,1
43,1019,1
28,1021,1
31,1021,1
28,1022,1
31,1022,1
28,1023,1
31,1023,1
49,1024,1
53,1024,1
58,1024,1
36,1025,1
39,1025,1
47,1025,1
1,1026,1
13,1026,1
28,1027,1
29,1027,1
28,1029,1
29,1029,1
49,1031,1
53,1031,1
58,1031,1
36,1032,1
37,1032,1
43,1032,1
36,1033,1
37,1033,1
43,1033,1
36,1034,1
37,1034,1
43,1034,1
49,1035,1
52,1035,1
49,1037,1
52,1037,1
36,1038,1
37,1038,1
43,1038,1
1,1039,1
13,1039,1
36,1040,1
39,1040,1
46,1040,1
36,1041,1
39,1041,1
47,1041,1
36,1042,1
37,1042,1
43,1042,1
49,1044,1
51,1044,1
49,1045,1
52,1045,1
49,1046,1
53,1046,1
58,1046,1
49,1047,1
52,1047,1
1,1048,1
13,1048,1
36,1050,1
49,1051,1
53,1051,1
58,1051,1
49,1052,1
50,1052,1
49,1053,1
50,1053,1
19,1054,1
23,1054,1
19,1055,1
23,1055,1
36,1057,1
39,1057,1
47,1057,1
36,1058,1
39,1058,1
46,1058,1
49,1059,1
53,1059,1
58,1059,1
1,1060,1
14,1060,1
19,1061,1
23,1061,1
36,1062,1
37,1062,1
43,1062,1
36,1063,1
39,1063,1
46,1063,1
49,1064,1
51,1064,1
49,1066,1
53,1066,1
58,1066,1
36,1067,1
49,1070,1
53,1070,1
58,1070,1
19,1072,1
23,1072,1
36,1073,1
37,1073,1
43,1073,1
36,1075,1
39,1075,1
47,1075,1
19,1076,1
23,1076,1
28,1077,1
29,1077,1
49,1078,1
50,1078,1
1,1079,1
14,1079,1
28,1080,1
29,1080,1
19,1081,1
23,1081,1
19,1083,1
23,1083,1
36,1084,1
37,1084,1
43,1084,1
49,1085,1
53,1085,1
58,1085,1
49,1086,1
51,1086,1
49,1088,1
53,1088,1
58,1088,1
1,1090,1
13,1090,1
49,1091,1
50,1091,1
49,1092,1
50,1092,1
19,1093,1
23,1093,1
36,1094,1
37,1094,1
43,1094,1
36,1095,1
28,1096,1
31,1096,1
36,1097,1
49,1098,1
50,1098,1
36,1099,1
37,1099,1
43,1099,1
28,1100,1
29,1100,1
36,1101,1
37,1101,1
43,1101,1
36,1102,1
39,1102,1
46,1102,1
28,1103,1
31,1103,1
49,1104,1
52,1104,1
36,1106,1
37,1106,1
43,1106,1
49,1107,1
53,1107,1
58,1107,1
36,1109,1
36,1110,1
37,1110,1
43,1110,1
36,1111,1
1,1112,1
13,1112,1
19,1115,1
23,1115,1
49,1117,1
53,1117,1
58,1117,1
49,1118,1
52,1118,1
49,1119,1
52,1119,1
28,1120,1
29,1120,1
1,1121,1
13,1121,1
49,1123,1
52,1123,1
49,1124,1
53,1124,1
58,1124,1
36,1125,1
37,1125,1
43,1125,1
36,1127,1
37,1127,1
43,1127,1
1,1128,1
14,1128,1
49,1129,1
52,1129,1
36,1130,1
1,1131,1
13,1131,1
36,1132,1
37,1132,1
43,1132,1
49,1133,1
53,1133,1
58,1133,1
36,1135,1
37,1135,1
43,1135,1
1,1136,1
13,1136,1
36,1137,1
37,1137,1
43,1137,1
36,1138,1
37,1138,1
43,1138,1
28,1139,1
29,1139,1
28,1141,1
31,1141,1
49,1144,1
52,1144,1
36,1145,1
37,1145,1
43,1145,1
49,1146,1
53,1146,1
58,1146,1
36,1147,1
37,1147,1
43,1147,1
36,1148,1
36,1150,1
39,1150,1
47,1150,1
36,1151,1
37,1151,1
43,1151,1
36,1152,1
37,1152,1
43,1152,1
36,1153,1
39,1153,1
47,1153,1
49,1154,1
50,1154,1
36,1155,1
37,1155,1
43,1155,1
36,1156,1
37,1156,1
43,1156,1
36,1157,1
39,1157,1
47,1157,1
49,1158,1
52,1158,1
36,1159,1
37,1159,1
43,1159,1
49,1160,1
50,1160,1
36,1161,1
37,1161,1
43,1161,1
49,1162,1
53,1162,1
58,1162,1
36,1163,1
37,1163,1
43,1163,1
36,1164,1
37,1164,1
43,1164,1
36,1165,1
39,1165,1
47,1165,1
49,1170,1
52,1170,1
49,1171,1
52,1171,1
1,1172,1
13,1172,1
49,1173,1
53,1173,1
58,1173,1
49,1174,1
50,1174,1
36,1175,1
37,1175,1
43,1175,1
28,1176,1
31,1176,1
49,1177,1
52,1177,1
49,1179,1
52,1179,1
49,1180,1
51,1180,1
36,1181,1
37,1181,1
43,1181,1
19,1182,1
23,1182,1
36,1183,1
37,1183,1
43,1183,1
36,1184,1
37,1184,1
43,1184,1
1,1185,1
13,1185,1
36,1186,1
37,1186,1
43,1186,1
49,1187,1
52,1187,1
1,1188,1
14,1188,1
36,1189,1
37,1189,1
43,1189,1
28,1190,1
29,1190,1
36,1191,1
19,1192,1
23,1192,1
19,1193,1
23,1193,1
1,1195,1
13,1195,1
1,1196,1
13,1196,1
28,1197,1
31,1197,1
36,1198,1
37,1198,1
43,1198,1
36,1199,1
37,1199,1
43,1199,1
49,1200,1
53,1200,1
58,1200,1
49,1202,1
52,1202,1
36,1203,1
36,1204,1
49,1205,1
52,1205,1
36,1207,1
37,1207,1
43,1207,1
36,1208,1
37,1208,1
43,1208,1
28,1209,1
31,1209,1
36,1210,1
39,1210,1
47,1210,1
36,1211,1
39,1211,1
46,1211,1
1,1212,1
13,1212,1
1,1213,1
13,1213,1
36,1214,1
37,1214,1
43,1214,1
49,1215,1
50,1215,1
36,1216,1
37,1216,1
43,1216,1
36,1217,1
39,1217,1
46,1217,1
36,1218,1
28,1219,1
29,1219,1
1,1220,1
14,1220,1
36,1222,1
37,1222,1
43,1222,1
1,1223,1
13,1223,1
36,1224,1
37,1224,1
43,1224,1
49,1226,1
53,1226,1
58,1226,1
1,1227,1
13,1227,1
49,1228,1
52,1228,1
36,1229,1
39,1229,1
46,1229,1
49,1230,1
52,1230,1
1,1231,1
13,1231,1
49,1232,1
50,1232,1
36,1233,1
36,1234,1
39,1234,1
46,1234,1
36,1235,1
37,1235,1
43,1235,1
49,1236,1
52,1236,1
49,1237,1
53,1237,1
58,1237,1
49,1238,1
51,1238,1
49,1240,1
53,1240,1
58,1240,1
36,1241,1
39,1241,1
47,1241,1
1,1242,1
13,1242,1
36,1243,1
36,1244,1
39,1244,1
47,1244,1
49,1245,1
53,1245,1
58,1245,1
36,1246,1
39,1246,1
47,1246,1
36,1247,1
37,1247,1
43,1247,1
36,1248,1
37,1248,1
43,1248,1
28,1249,1
29,1249,1
28,1250,1
31,1250,1
36,1252,1
37,1252,1
43,1252,1
19,1253,1
23,1253,1
49,1254,1
53,1254,1
58,1254,1
36,1257,1
39,1257,1
47,1257,1
1,1258,1
14,1258,1
36,1259,1
39,1259,1
47,1259,1
49,1260,1
51,1260,1
36,1261,1
37,1261,1
43,1261,1
1,1262,1
13,1262,1
49,1264,1
51,1264,1
1,1265,1
13,1265,1
49,1266,1
53,1266,1
58,1266,1
36,1267,1
37,1267,1
43,1267,1
36,1268,1
39,1268,1
47,1268,1
36,1269,1
39,1269,1
46,1269,1
49,1270,1
50,1270,1
36,1271,1
39,1271,1
46,1271,1
49,1272,1
52,1272,1
49,1273,1
53,1273,1
58,1273,1
49,1274,1
51,1274,1
1,1275,1
13,1275,1
49,1276,1
50,1276,1
49,1277,1
51,1277,1
1,1278,1
13,1278,1
49,1279,1
53,1279,1
58,1279,1
36,1280,1
37,1280,1
43,1280,1
49,1281,1
51,1281,1
1,1282,1
14,1282,1
36,1283,1
37,1283,1
43,1283,1
1,1285,1
14,1285,1
28,1286,1
31,1286,1
1,1288,1
13,1288,1
1,1289,1
14,1289,1
36,1290,1
37,1290,1
43,1290,1
36,1291,1
37,1291,1
43,1291,1
49,1292,1
53,1292,1
58,1292,1
49,1293,1
53,1293,1
58,1293,1
1,1294,1
14,1294,1
36,1295,1
37,1295,1
43,1295,1
36,1296,1
37,1296,1
43,1296,1
49,1297,1
52,1297,1
36,1298,1
37,1298,1
43,1298,1
49,1299,1
53,1299,1
58,1299,1
1,1300,1
13,1300,1
36,1301,1
39,1301,1
46,1301,1
49,1302,1
51,1302,1
36,1303,1
37,1303,1
43,1303,1
36,1304,1
39,1304,1
47,1304,1
36,1305,1
39,1305,1
47,1305,1
49,1306,1
53,1306,1
58,1306,1
36,1307,1
39,1307,1
46,1307,1
36,1308,1
39,1308,1
46,1308,1
19,1309,1
23,1309,1
19,1311,1
23,1311,1
49,1312,1
50,1312,1
49,1313,1
53,1313,1
58,1313,1
49,1314,1
51,1314,1
36,1315,1
37,1315,1
43,1315,1
36,1316,1
49,1317,1
51,1317,1
36,1318,1
49,1319,1
51,1319,1
1,1321,1
14,1321,1
36,1322,1
37,1322,1
43,1322,1
36,1323,1
39,1323,1
46,1323,1
36,1324,1
28,1326,1
29,1326,1
36,1327,1
39,1327,1
47,1327,1
19,1328,1
23,1328,1
36,1329,1
37,1329,1
43,1329,1
1,1331,1
13,1331,1
36,1332,1
37,1332,1
43,1332,1
36,1333,1
39,1333,1
47,1333,1
49,1334,1
52,1334,1
28,1335,1
31,1335,1
36,1336,1
39,1336,1
47,1336,1
49,1337,1
53,1337,1
58,1337,1
36,1338,1
28,1339,1
29,1339,1
36,1340,1
37,1340,1
43,1340,1
49,1341,1
53,1341,1
58,1341,1
49,1343,1
52,1343,1
49,1344,1
53,1344,1
58,1344,1
19,1345,1
23,1345,1
28,1346,1
29,1346,1
36,1347,1
37,1347,1
43,1347,1
28,1348,1
31,1348,1
28,1349,1
31,1349,1
36,1350,1
39,1350,1
46,1350,1
36,1351,1
39,1351,1
46,1351,1
49,1352,1
53,1352,1
58,1352,1
19,1353,1
23,1353,1
36,1354,1
39,1354,1
46,1354,1
36,1355,1
39,1355,1
47,1355,1
28,1357,1
31,1357,1
28,1358,1
29,1358,1
49,1359,1
52,1359,1
19,1360,1
23,1360,1
49,1361,1
53,1361,1
58,1361,1
1,1362,1
14,1362,1
36,1363,1
37,1363,1
43,1363,1
28,1364,1
29,1364,1
49,1365,1
51,1365,1
49,1366,1
50,1366,1
19,1370,1
23,1370,1
49,1371,1
52,1371,1
49,1372,1
53,1372,1
58,1372,1
1,1373,1
14,1373,1
36,1375,1
37,1375,1
43,1375,1
36,1376,1
37,1376,1
43,1376,1
36,1377,1
37,1377,1
43,1377,1
49,1378,1
50,1378,1
49,1379,1
52,1379,1
36,1380,1
37,1380,1
43,1380,1
49,1381,1
50,1381,1
49,1382,1
50,1382,1
1,1383,1
13,1383,1
1,1384,1
14,1384,1
36,1385,1
37,1385,1
43,1385,1
1,1386,1
13,1386,1
49,1387,1
53,1387,1
58,1387,1
28,1388,1
31,1388,1
49,1390,1
50,1390,1
49,1391,1
53,1391,1
58,1391,1
49,1392,1
52,1392,1
36,1393,1
37,1393,1
43,1393,1
36,1395,1
39,1395,1
47,1395,1
36,1396,1
39,1396,1
47,1396,1
49,1398,1
52,1398,1
28,1399,1
29,1399,1
36,1400,1
37,1400,1
43,1400,1
36,1401,1
39,1401,1
46,1401,1
36,1402,1
37,1402,1
43,1402,1
36,1403,1
37,1403,1
43,1403,1
49,1405,1
52,1405,1
36,1407,1
37,1407,1
43,1407,1
49,1408,1
52,1408,1
28,1409,1
29,1409,1
1,1413,1
13,1413,1
36,1416,1
37,1416,1
43,1416,1
49,1417,1
53,1417,1
58,1417,1
49,1419,1
50,1419,1
28,1420,1
31,1420,1
28,1421,1
31,1421,1
28,1422,1
31,1422,1
28,1423,1
31,1423,1
28,1426,1
29,1426,1
36,1427,1
39,1427,1
47,1427,1
49,1428,1
53,1428,1
58,1428,1
36,1430,1
37,1430,1
43,1430,1
36,1432,1
37,1432,1
43,1432,1
49,1433,1
50,1433,1
49,1434,1
53,1434,1
58,1434,1
36,1435,1
39,1435,1
47,1435,1
36,1436,1
37,1436,1
43,1436,1
1,1437,1
13,1437,1
36,1438,1
37,1438,1
43,1438,1
49,1440,1
52,1440,1
36,1441,1
39,1441,1
46,1441,1
19,1442,1
23,1442,1
36,1444,1
37,1444,1
43,1444,1
49,1445,1
50,1445,1
28,1446,1
31,1446,1
36,1447,1
37,1447,1
43,1447,1
36,1448,1
36,1449,1
37,1449,1
43,1449,1
49,1450,1
51,1450,1
1,1452,1
13,1452,1
36,1453,1
1,1454,1
14,1454,1
1,1455,1
13,1455,1
49,1456,1
52,1456,1
49,1457,1
50,1457,1
36,1458,1
37,1458,1
43,1458,1
1,1459,1
14,1459,1
36,1460,1
39,1460,1
47,1460,1
36,1461,1
37,1461,1
43,1461,1
49,1463,1
53,1463,1
58,1463,1
36,1464,1
37,1464,1
43,1464,1
49,1466,1
50,1466,1
1,1467,1
13,1467,1
49,1468,1
51,1468,1
36,1469,1
39,1469,1
47,1469,1
36,1470,1
49,1471,1
50,1471,1
36,1472,1
39,1472,1
47,1472,1
49,1473,1
50,1473,1
36,1474,1
39,1474,1
47,1474,1
36,1475,1
39,1475,1
47,1475,1
36,1476,1
36,1477,1
36,1478,1
39,1478,1
46,1478,1
1,1479,1
13,1479,1
1,1480,1
14,1480,1
36,1481,1
37,1481,1
43,1481,1
36,1482,1
37,1482,1
43,1482,1
49,1483,1
52,1483,1
36,1484,1
37,1484,1
43,1484,1
49,1485,1
51,1485,1
28,1486,1
29,1486,1
36,1487,1
37,1487,1
43,1487,1
36,1488,1
37,1488,1
43,1488,1
1,1490,1
13,1490,1
28,1491,1
29,1491,1
28,1492,1
31,1492,1
49,1493,1
52,1493,1
36,1494,1
37,1494,1
43,1494,1
49,1495,1
52,1495,1
28,1498,1
31,1498,1
36,1499,1
39,1499,1
46,1499,1
36,1501,1
39,1501,1
47,1501,1
49,1502,1
50,1502,1
1,1503,1
14,1503,1
36,1505,1
37,1505,1
43,1505,1
28,1506,1
29,1506,1
28,1507,1
29,1507,1
36,1508,1
37,1508,1
43,1508,1
1,1509,1
14,1509,1
49,1510,1
50,1510,1
49,1511,1
53,1511,1
58,1511,1
36,1513,1
37,1513,1
43,1513,1
36,1514,1
37,1514,1
43,1514,1
49,1515,1
53,1515,1
58,1515,1
28,1516,1
31,1516,1
36,1517,1
37,1517,1
43,1517,1
36,1518,1
37,1518,1
43,1518,1
36,1519,1
36,1520,1
37,1520,1
43,1520,1
49,1521,1
51,1521,1
49,1522,1
53,1522,1
58,1522,1
49,1524,1
50,1524,1
36,1525,1
39,1525,1
46,1525,1
49,1527,1
53,1527,1
58,1527,1
49,1528,1
53,1528,1
58,1528,1
28,1530,1
29,1530,1
49,1531,1
50,1531,1
36,1532,1
37,1532,1
43,1532,1
49,1533,1
52,1533,1
49,1534,1
51,1534,1
1,1535,1
13,1535,1
28,1536,1
29,1536,1
28,1537,1
31,1537,1
36,1538,1
39,1538,1
47,1538,1
36,1539,1
37,1539,1
43,1539,1
49,1541,1
51,1541,1
36,1543,1
49,1544,1
50,1544,1
49,1545,1
50,1545,1
36,1546,1
37,1546,1
43,1546,1
36,1547,1
37,1547,1
43,1547,1
49,1548,1
52,1548,1
36,1549,1
37,1549,1
43,1549,1
36,1550,1
37,1550,1
43,1550,1
36,1552,1
39,1552,1
47,1552,1
28,1553,1
29,1553,1
36,1554,1
39,1554,1
47,1554,1
49,1555,1
53,1555,1
58,1555,1
36,1556,1
37,1556,1
43,1556,1
36,1557,1
39,1557,1
47,1557,1
19,1559,1
23,1559,1
1,1560,1
14,1560,1
36,1561,1
37,1561,1
43,1561,1
36,1562,1
39,1562,1
47,1562,1
28,1564,1
31,1564,1
1,1565,1
14,1565,1
1,1566,1
14,1566,1
49,1567,1
53,1567,1
58,1567,1
36,1568,1
39,1568,1
46,1568,1
28,1569,1
31,1569,1
36,1570,1
37,1570,1
43,1570,1
49,1571,1
53,1571,1
58,1571,1
19,1572,1
23,1572,1
36,1573,1
36,1574,1
37,1574,1
43,1574,1
49,1575,1
51,1575,1
49,1576,1
51,1576,1
1,1577,1
13,1577,1
49,1578,1
52,1578,1
36,1579,1
37,1579,1
43,1579,1
36,1580,1
39,1580,1
47,1580,1
49,1581,1
53,1581,1
58,1581,1
36,1582,1
36,1583,1
37,1583,1
43,1583,1
28,1584,1
29,1584,1
19,1585,1
23,1585,1
36,1586,1
37,1586,1
43,1586,1
1,1587,1
14,1587,1
49,1588,1
53,1588,1
58,1588,1
36,1589,1
39,1589,1
46,1589,1
36,1591,1
36,1592,1
37,1592,1
43,1592,1
49,1593,1
53,1593,1
58,1593,1
28,1594,1
31,1594,1
36,1595,1
39,1595,1
46,1595,1
49,1596,1
53,1596,1
58,1596,1
1,1597,1
13,1597,1
36,1598,1
37,1598,1
43,1598,1
49,1599,1
50,1599,1
36,1600,1
37,1600,1
43,1600,1
36,1601,1
37,1601,1
43,1601,1
28,1602,1
31,1602,1
36,1603,1
37,1603,1
43,1603,1
36,1604,1
36,1605,1
37,1605,1
43,1605,1
49,1606,1
52,1606,1
36,1608,1
37,1608,1
43,1608,1
19,1609,1
23,1609,1
49,1610,1
50,1610,1
49,1611,1
53,1611,1
58,1611,1
28,1612,1
31,1612,1
1,1613,1
13,1613,1
1,1614,1
14,1614,1
1,1615,1
13,1615,1
36,1616,1
37,1616,1
43,1616,1
49,1617,1
50,1617,1
36,1618,1
39,1618,1
46,1618,1
36,1619,1
37,1619,1
43,1619,1
36,1621,1
39,1621,1
47,1621,1
1,1622,1
14,1622,1
49,1623,1
50,1623,1
28,1624,1
29,1624,1
36,1625,1
37,1625,1
43,1625,1
1,1626,1
13,1626,1
36,1627,1
37,1627,1
43,1627,1
28,1628,1
29,1628,1
49,1629,1
51,1629,1
49,1630,1
50,1630,1
49,1631,1
51,1631,1
36,1633,1
39,1633,1
47,1633,1
28,1635,1
31,1635,1
1,1636,1
14,1636,1
36,1637,1
37,1637,1
43,1637,1
36,1638,1
39,1638,1
47,1638,1
1,1640,1
13,1640,1
1,1642,1
13,1642,1
49,1643,1
50,1643,1
36,1644,1
1,1645,1
14,1645,1
36,1646,1
37,1646,1
43,1646,1
36,1647,1
39,1647,1
47,1647,1
28,1648,1
29,1648,1
49,1649,1
50,1649,1
49,1650,1
50,1650,1
49,1651,1
53,1651,1
58,1651,1
19,1653,1
23,1653,1
1,1655,1
13,1655,1
1,1656,1
13,1656,1
49,1658,1
53,1658,1
58,1658,1
36,1659,1
37,1659,1
43,1659,1
36,1660,1
37,1660,1
43,1660,1
49,1661,1
53,1661,1
58,1661,1
36,1662,1
39,1662,1
46,1662,1
36,1663,1
39,1663,1
46,1663,1
36,1664,1
36,1665,1
39,1665,1
46,1665,1
19,1667,1
23,1667,1
36,1668,1
37,1668,1
43,1668,1
36,1669,1
37,1669,1
43,1669,1
19,1670,1
23,1670,1
36,1672,1
37,1672,1
43,1672,1
36,1673,1
36,1674,1
37,1674,1
43,1674,1
49,1675,1
50,1675,1
49,1676,1
51,1676,1
49,1677,1
50,1677,1
36,1678,1
39,1678,1
47,1678,1
49,1681,1
50,1681,1
36,1682,1
37,1682,1
43,1682,1
1,1683,1
14,1683,1
28,1684,1
31,1684,1
36,1685,1
37,1685,1
43,1685,1
49,1686,1
51,1686,1
49,1687,1
50,1687,1
49,1688,1
50,1688,1
28,1689,1
31,1689,1
49,1690,1
51,1690,1
49,1691,1
51,1691,1
49,1692,1
53,1692,1
58,1692,1
49,1693,1
51,1693,1
28,1694,1
29,1694,1
28,1695,1
31,1695,1
36,1696,1
19,1698,1
23,1698,1
28,1699,1
31,1699,1
49,1700,1
52,1700,1
49,1701,1
53,1701,1
58,1701,1
19,1702,1
23,1702,1
49,1703,1
53,1703,1
58,1703,1
36,1704,1
37,1704,1
43,1704,1
36,1705,1
37,1705,1
43,1705,1
36,1706,1
37,1706,1
43,1706,1
36,1707,1
37,1707,1
43,1707,1
36,1708,1
37,1708,1
43,1708,1
36,1711,1
37,1711,1
43,1711,1
36,1712,1
39,1712,1
46,1712,1
49,1713,1
52,1713,1
28,1715,1
31,1715,1
49,1716,1
51,1716,1
49,1717,1
53,1717,1
58,1717,1
49,1718,1
53,1718,1
58,1718,1
19,1719,1
23,1719,1
49,1721,1
53,1721,1
58,1721,1
1,1722,1
13,1722,1
19,1723,1
23,1723,1
36,1724,1
39,1724,1
47,1724,1
36,1725,1
37,1725,1
43,1725,1
1,1726,1
14,1726,1
36,1727,1
37,1727,1
43,1727,1
1,1728,1
14,1728,1
36,1729,1
37,1729,1
43,1729,1
19,1730,1
23,1730,1
1,1731,1
13,1731,1
49,1732,1
53,1732,1
58,1732,1
19,1733,1
23,1733,1
49,1735,1
53,1735,1
58,1735,1
28,1736,1
29,1736,1
49,1738,1
53,1738,1
58,1738,1
36,1739,1
37,1739,1
43,1739,1
1,1740,1
13,1740,1
36,1741,1
37,1741,1
43,1741,1
19,1742,1
23,1742,1
49,1743,1
53,1743,1
58,1743,1
1,1744,1
13,1744,1
36,1746,1
36,1747,1
39,1747,1
47,1747,1
36,1748,1
37,1748,1
43,1748,1
36,1749,1
39,1749,1
47,1749,1
36,1750,1
49,1751,1
53,1751,1
58,1751,1
36,1752,1
39,1752,1
47,1752,1
49,1753,1
50,1753,1
49,1754,1
53,1754,1
58,1754,1
36,1755,1
37,1755,1
43,1755,1
49,1756,1
50,1756,1
19,1757,1
23,1757,1
36,1758,1
37,1758,1
43,1758,1
1,1759,1
14,1759,1
49,1760,1
53,1760,1
58,1760,1
49,1761,1
51,1761,1
36,1763,1
37,1763,1
43,1763,1
36,1764,1
37,1764,1
43,1764,1
36,1765,1
37,1765,1
43,1765,1
49,1767,1
53,1767,1
58,1767,1
49,1768,1
50,1768,1
1,1769,1
13,1769,1
36,1770,1
37,1770,1
43,1770,1
36,1771,1
37,1771,1
43,1771,1
28,1772,1
29,1772,1
36,1773,1
36,1774,1
49,1775,1
52,1775,1
49,1779,1
50,1779,1
49,1780,1
53,1780,1
58,1780,1
36,1781,1
39,1781,1
47,1781,1
36,1782,1
39,1782,1
46,1782,1
36,1783,1
39,1783,1
47,1783,1
36,1785,1
39,1785,1
47,1785,1
36,1786,1
37,1786,1
43,1786,1
28,1788,1
29,1788,1
49,1790,1
53,1790,1
58,1790,1
1,1791,1
14,1791,1
49,1792,1
53,1792,1
58,1792,1
36,1793,1
37,1793,1
43,1793,1
19,1795,1
23,1795,1
1,1796,1
14,1796,1
36,1797,1
49,1798,1
51,1798,1
49,1799,1
50,1799,1
36,1800,1
37,1800,1
43,1800,1
49,1801,1
53,1801,1
58,1801,1
36,1802,1
37,1802,1
43,1802,1
36,1803,1
37,1803,1
43,1803,1
36,1804,1
37,1804,1
43,1804,1
28,1805,1
31,1805,1
49,1806,1
51,1806,1
49,1807,1
52,1807,1
28,1808,1
31,1808,1
49,1809,1
50,1809,1
49,1810,1
53,1810,1
58,1810,1
28,1811,1
31,1811,1
36,1812,1
37,1812,1
43,1812,1
36,1814,1
39,1814,1
46,1814,1
49,1815,1
50,1815,1
49,1816,1
52,1816,1
36,1817,1
37,1817,1
43,1817,1
49,1818,1
51,1818,1
1,1819,1
13,1819,1
28,1821,1
31,1821,1
28,1822,1
29,1822,1
36,1823,1
28,1825,1
31,1825,1
49,1826,1
53,1826,1
58,1826,1
1,1827,1
14,1827,1
36,1829,1
37,1829,1
43,1829,1
49,1830,1
50,1830,1
1,1831,1
14,1831,1
28,1832,1
29,1832,1
19,1833,1
23,1833,1
28,1834,1
29,1834,1
49,1835,1
52,1835,1
1,1836,1
13,1836,1
49,1837,1
52,1837,1
19,1839,1
23,1839,1
49,1840,1
52,1840,1
36,1841,1
37,1841,1
43,1841,1
49,1842,1
51,1842,1
36,1843,1
37,1843,1
43,1843,1
36,1844,1
37,1844,1
43,1844,1
36,1845,1
37,1845,1
43,1845,1
49,1846,1
53,1846,1
58,1846,1
36,1847,1
39,1847,1
46,1847,1
49,1848,1
50,1848,1
36,1850,1
37,1850,1
43,1850,1
49,1852,1
51,1852,1
49,1853,1
52,1853,1
1,1854,1
13,1854,1
19,1855,1
23,1855,1
49,1856,1
53,1856,1
58,1856,1
1,1858,1
13,1858,1
1,1859,1
14,1859,1
1,1861,1
14,1861,1
49,1863,1
51,1863,1
1,1864,1
13,1864,1
19,1865,1
23,1865,1
49,1866,1
51,1866,1
36,1867,1
39,1867,1
46,1867,1
36,1868,1
28,1870,1
31,1870,1
36,1871,1
49,1872,1
52,1872,1
1,1873,1
13,1873,1
1,1874,1
14,1874,1
1,1876,1
13,1876,1
49,1877,1
50,1877,1
49,1878,1
52,1878,1
49,1879,1
52,1879,1
49,1880,1
51,1880,1
36,1882,1
37,1882,1
43,1882,1
49,1883,1
53,1883,1
58,1883,1
49,1884,1
53,1884,1
58,1884,1
28,1885,1
29,1885,1
49,1886,1
50,1886,1
1,1888,1
14,1888,1
19,1889,1
23,1889,1
49,1891,1
50,1891,1
1,1892,1
14,1892,1
1,1893,1
13,1893,1
36,1895,1
37,1895,1
43,1895,1
36,1896,1
37,1896,1
43,1896,1
36,1897,1
37,1897,1
43,1897,1
19,1898,1
23,1898,1
49,1899,1
53,1899,1
58,1899,1
49,1900,1
53,1900,1
58,1900,1
36,1901,1
37,1901,1
43,1901,1
36,1902,1
37,1902,1
43,1902,1
36,1904,1
36,1905,1
39,1905,1
47,1905,1
36,1906,1
37,1906,1
43,1906,1
49,1907,1
53,1907,1
58,1907,1
49,1908,1
51,1908,1
1,1910,1
14,1910,1
49,1911,1
53,1911,1
58,1911,1
36,1912,1
37,1912,1
43,1912,1
49,1913,1
53,1913,1
58,1913,1
49,1914,1
52,1914,1
28,1915,1
29,1915,1
49,1916,1
50,1916,1
49,1917,1
53,1917,1
58,1917,1
49,1918,1
53,1918,1
58,1918,1
1,1919,1
14,1919,1
36,1921,1
37,1921,1
43,1921,1
36,1922,1
37,1922,1
43,1922,1
36,1924,1
39,1924,1
46,1924,1
19,1927,1
23,1927,1
36,1928,1
37,1928,1
43,1928,1
28,1929,1
31,1929,1
49,1930,1
51,1930,1
36,1931,1
37,1931,1
43,1931,1
49,1932,1
51,1932,1
28,1933,1
31,1933,1
36,1934,1
37,1934,1
43,1934,1
36,1936,1
37,1936,1
43,1936,1
49,1937,1
50,1937,1
36,1938,1
39,1938,1
46,1938,1
1,1941,1
14,1941,1
1,1942,1
13,1942,1
49,1943,1
53,1943,1
58,1943,1
36,1944,1
37,1944,1
43,1944,1
28,1945,1
31,1945,1
49,1947,1
51,1947,1
36,1948,1
36,1949,1
37,1949,1
43,1949,1
36,1951,1
39,1951,1
46,1951,1
1,1952,1
13,1952,1
1,1953,1
14,1953,1
19,1954,1
23,1954,1
28,1955,1
31,1955,1
36,1957,1
37,1957,1
43,1957,1
36,1958,1
39,1958,1
47,1958,1
1,1959,1
14,1959,1
36,1960,1
39,1960,1
46,1960,1
28,1961,1
31,1961,1
49,1962,1
53,1962,1
58,1962,1
36,1964,1
37,1964,1
43,1964,1
28,1965,1
29,1965,1
49,1966,1
53,1966,1
58,1966,1
36,1967,1
39,1967,1
47,1967,1
49,1968,1
51,1968,1
49,1970,1
53,1970,1
58,1970,1
49,1971,1
50,1971,1
49,1972,1
53,1972,1
58,1972,1
49,1973,1
51,1973,1
19,1974,1
23,1974,1
36,1976,1
37,1976,1
43,1976,1
49,1977,1
50,1977,1
49,1978,1
50,1978,1
36,1979,1
37,1979,1
43,1979,1
36,1980,1
49,1981,1
53,1981,1
58,1981,1
36,1982,1
37,1982,1
43,1982,1
36,1983,1
37,1983,1
43,1983,1
36,1984,1
37,1984,1
43,1984,1
36,1985,1
37,1985,1
43,1985,1
49,1986,1
52,1986,1
49,1987,1
52,1987,1
49,1988,1
51,1988,1
36,1989,1
37,1989,1
43,1989,1
49,1990,1
53,1990,1
58,1990,1
36,1991,1
37,1991,1
43,1991,1
1,1992,1
14,1992,1
49,1993,1
53,1993,1
58,1993,1
36,1994,1
37,1994,1
43,1994,1
49,1996,1
51,1996,1
49,1997,1
52,1997,1
28,1998,1
29,1998,1
49,1999,1
53,1999,1
58,1999,1
36,2000,1
37,2000,1
43,2000,1
36,2001,1
39,2001,1
47,2001,1
1,2002,1
13,2002,1
36,2003,1
39,2003,1
46,2003,1
49,2004,1
51,2004,1
36,2005,1
37,2005,1
43,2005,1
1,2007,1
13,2007,1
49,2008,1
50,2008,1
28,2009,1
31,2009,1
36,2010,1
37,2010,1
43,2010,1
1,2011,1
13,2011,1
36,2012,1
39,2012,1
47,2012,1
49,2013,1
53,2013,1
58,2013,1
28,2014,1
29,2014,1
49,2015,1
51,2015,1
36,2016,1
37,2016,1
43,2016,1
36,2018,1
37,2018,1
43,2018,1
49,2019,1
53,2019,1
58,2019,1
28,2020,1
29,2020,1
36,2021,1
39,2021,1
47,2021,1
36,2022,1
37,2022,1
43,2022,1
36,2024,1
37,2024,1
43,2024,1
36,2025,1
39,2025,1
46,2025,1
36,2026,1
39,2026,1
46,2026,1
36,2027,1
36,2029,1
39,2029,1
47,2029,1
49,2030,1
52,2030,1
28,2031,1
31,2031,1
49,2032,1
52,2032,1
36,2033,1
37,2033,1
43,2033,1
49,2034,1
53,2034,1
58,2034,1
49,2036,1
52,2036,1
36,2037,1
37,2037,1
43,2037,1
36,2038,1
37,2038,1
43,2038,1
1,2039,1
14,2039,1
49,2040,1
53,2040,1
58,2040,1
19,2041,1
23,2041,1
28,2043,1
31,2043,1
28,2044,1
31,2044,1
49,2045,1
50,2045,1
36,2046,1
37,2046,1
43,2046,1
49,2047,1
50,2047,1
49,2049,1
50,2049,1
28,2050,1
31,2050,1
36,2051,1
37,2051,1
43,2051,1
49,2052,1
53,2052,1
58,2052,1
49,2053,1
52,2053,1
36,2054,1
37,2054,1
43,2054,1
36,2055,1
36,2056,1
37,2056,1
43,2056,1
49,2057,1
53,2057,1
58,2057,1
1,2058,1
13,2058,1
36,2059,1
39,2059,1
47,2059,1
19,2060,1
23,2060,1
49,2061,1
53,2061,1
58,2061,1
1,2062,1
14,2062,1
36,2063,1
37,2063,1
43,2063,1
36,2064,1
39,2064,1
47,2064,1
36,2066,1
39,2066,1
47,2066,1
36,2067,1
37,2067,1
43,2067,1
36,2068,1
1,2069,1
14,2069,1
49,2070,1
52,2070,1
49,2071,1
50,2071,1
36,2072,1
37,2072,1
43,2072,1
49,2073,1
53,2073,1
58,2073,1
49,2074,1
53,2074,1
58,2074,1
19,2075,1
23,2075,1
36,2076,1
37,2076,1
43,2076,1
36,2077,1
37,2077,1
43,2077,1
49,2078,1
53,2078,1
58,2078,1
36,2079,1
37,2079,1
43,2079,1
36,2080,1
39,2080,1
47,2080,1
36,2081,1
37,2081,1
43,2081,1
36,2082,1
37,2082,1
43,2082,1
36,2083,1
37,2083,1
43,2083,1
36,2084,1
37,2084,1
43,2084,1
49,2085,1
52,2085,1
28,2086,1
29,2086,1
49,2087,1
50,2087,1
49,2088,1
53,2088,1
58,2088,1
49,2089,1
52,2089,1
49,2090,1
50,2090,1
36,2091,1
39,2091,1
47,2091,1
36,2092,1
37,2092,1
43,2092,1
19,2093,1
23,2093,1
1,2094,1
13,2094,1
49,2097,1
52,2097,1
49,2098,1
53,2098,1
58,2098,1
36,2099,1
37,2099,1
43,2099,1
28,2100,1
31,2100,1
19,2101,1
23,2101,1
19,2102,1
23,2102,1
49,2103,1
51,2103,1
28,2104,1
31,2104,1
19,2105,1
23,2105,1
36,2106,1
39,2106,1
46,2106,1
19,2109,1
23,2109,1
36,2110,1
37,2110,1
43,2110,1
36,2112,1
39,2112,1
46,2112,1
28,2113,1
29,2113,1
49,2114,1
52,2114,1
49,2116,1
53,2116,1
58,2116,1
36,2117,1
39,2117,1
47,2117,1
28,2118,1
31,2118,1
36,2119,1
39,2119,1
46,2119,1
1,2120,1
14,2120,1
36,2122,1
39,2122,1
47,2122,1
36,2123,1
37,2123,1
43,2123,1
36,2124,1
39,2124,1
46,2124,1
36,2125,1
37,2125,1
43,2125,1
49,2126,1
52,2126,1
36,2127,1
37,2127,1
43,2127,1
1,2128,1
13,2128,1
36,2130,1
39,2130,1
47,2130,1
36,2131,1
37,2131,1
43,2131,1
36,2132,1
39,2132,1
46,2132,1
49,2133,1
52,2133,1
36,2135,1
37,2135,1
43,2135,1
49,2136,1
51,2136,1
49,2138,1
53,2138,1
58,2138,1
36,2139,1
37,2139,1
43,2139,1
36,2140,1
49,2141,1
50,2141,1
36,2142,1
28,2143,1
31,2143,1
36,2144,1
37,2144,1
43,2144,1
36,2146,1
39,2146,1
46,2146,1
49,2147,1
52,2147,1
36,2150,1
39,2150,1
46,2150,1
36,2151,1
37,2151,1
43,2151,1
49,2152,1
53,2152,1
58,2152,1
49,2153,1
50,2153,1
36,2154,1
37,2154,1
43,2154,1
49,2156,1
51,2156,1
36,2157,1
37,2157,1
43,2157,1
36,2158,1
37,2158,1
43,2158,1
28,2159,1
31,2159,1
49,2160,1
53,2160,1
58,2160,1
36,2161,1
39,2161,1
46,2161,1
49,2162,1
53,2162,1
58,2162,1
36,2163,1
36,2164,1
39,2164,1
47,2164,1
49,2165,1
53,2165,1
58,2165,1
36,2166,1
37,2166,1
43,2166,1
19,2167,1
23,2167,1
36,2168,1
37,2168,1
43,2168,1
36,2169,1
37,2169,1
43,2169,1
49,2170,1
52,2170,1
49,2171,1
50,2171,1
36,2172,1
37,2172,1
43,2172,1
28,2173,1
31,2173,1
49,2174,1
53,2174,1
58,2174,1
28,2176,1
29,2176,1
49,2177,1
51,2177,1
49,2178,1
50,2178,1
49,2179,1
50,2179,1
36,2180,1
39,2180,1
47,2180,1
49,2181,1
53,2181,1
58,2181,1
36,2182,1
39,2182,1
47,2182,1
49,2183,1
52,2183,1
49,2184,1
53,2184,1
58,2184,1
36,2185,1
39,2185,1
46,2185,1
49,2186,1
50,2186,1
49,2187,1
52,2187,1
49,2188,1
53,2188,1
58,2188,1
36,2189,1
39,2189,1
47,2189,1
19,2190,1
23,2190,1
28,2191,1
31,2191,1
1,2192,1
14,2192,1
36,2193,1
36,2195,1
37,2195,1
43,2195,1
49,2196,1
52,2196,1
36,2197,1
37,2197,1
43,2197,1
49,2198,1
52,2198,1
36,2199,1
39,2199,1
47,2199,1
36,2200,1
37,2200,1
43,2200,1
36,2201,1
37,2201,1
43,2201,1
36,2202,1
37,2202,1
43,2202,1
28,2204,1
29,2204,1
49,2205,1
51,2205,1
49,2207,1
51,2207,1
36,2208,1
37,2208,1
43,2208,1
28,2209,1
31,2209,1
49,2211,1
51,2211,1
28,2212,1
31,2212,1
36,2213,1
37,2213,1
43,2213,1
49,2215,1
52,2215,1
49,2216,1
53,2216,1
58,2216,1
49,2217,1
51,2217,1
49,2218,1
50,2218,1
1,2219,1
14,2219,1
36,2220,1
37,2220,1
43,2220,1
36,2221,1
37,2221,1
43,2221,1
36,2222,1
37,2222,1
43,2222,1
49,2223,1
50,2223,1
28,2224,1
31,2224,1
49,2225,1
53,2225,1
58,2225,1
49,2227,1
53,2227,1
58,2227,1
28,2228,1
29,2228,1
49,2229,1
53,2229,1
58,2229,1
49,2231,1
50,2231,1
36,2232,1
39,2232,1
47,2232,1
36,2233,1
37,2233,1
43,2233,1
49,2234,1
52,2234,1
19,2235,1
23,2235,1
28,2236,1
29,2236,1
28,2237,1
31,2237,1
49,2238,1
51,2238,1
36,2239,1
39,2239,1
46,2239,1
36,2240,1
37,2240,1
43,2240,1
36,2241,1
37,2241,1
43,2241,1
28,2242,1
29,2242,1
49,2243,1
53,2243,1
58,2243,1
49,2245,1
52,2245,1
28,2246,1
31,2246,1
36,2247,1
37,2247,1
43,2247,1
49,2248,1
53,2248,1
58,2248,1
49,2249,1
53,2249,1
58,2249,1
28,2250,1
29,2250,1
36,2251,1
39,2251,1
47,2251,1
49,2253,1
50,2253,1
36,2254,1
37,2254,1
43,2254,1
36,2255,1
39,2255,1
47,2255,1
36,2256,1
37,2256,1
43,2256,1
28,2257,1
29,2257,1
36,2260,1
37,2260,1
43,2260,1
36,2261,1
37,2261,1
43,2261,1
36,2262,1
39,2262,1
47,2262,1
49,2263,1
53,2263,1
58,2263,1
19,2264,1
23,2264,1
1,2266,1
14,2266,1
36,2268,1
39,2268,1
46,2268,1
36,2269,1
49,2271,1
52,2271,1
36,2272,1
49,2273,1
50,2273,1
28,2274,1
31,2274,1
19,2275,1
23,2275,1
36,2276,1
37,2276,1
43,2276,1
36,2277,1
39,2277,1
47,2277,1
36,2279,1
39,2279,1
46,2279,1
49,2280,1
52,2280,1
36,2281,1
37,2281,1
43,2281,1
19,2282,1
23,2282,1
36,2283,1
37,2283,1
43,2283,1
28,2284,1
31,2284,1
49,2285,1
53,2285,1
58,2285,1
49,2286,1
50,2286,1
19,2287,1
23,2287,1
36,2288,1
36,2289,1
37,2289,1
43,2289,1
49,2290,1
53,2290,1
58,2290,1
49,2291,1
52,2291,1
36,2292,1
37,2292,1
43,2292,1
49,2293,1
50,2293,1
36,2294,1
37,2294,1
43,2294,1
49,2295,1
50,2295,1
49,2296,1
53,2296,1
58,2296,1
19,2297,1
23,2297,1
1,2298,1
13,2298,1
28,2299,1
31,2299,1
28,2300,1
29,2300,1
36,2301,1
49,2302,1
52,2302,1
36,2304,1
28,2305,1
29,2305,1
36,2306,1
36,2309,1
39,2309,1
47,2309,1
1,2310,1
13,2310,1
49,2311,1
51,2311,1
49,2313,1
51,2313,1
1,2314,1
13,2314,1
36,2315,1
39,2315,1
47,2315,1
36,2316,1
37,2316,1
43,2316,1
36,2317,1
1,2318,1
13,2318,1
49,2319,1
52,2319,1
1,2320,1
14,2320,1
49,2321,1
50,2321,1
19,2322,1
23,2322,1
36,2323,1
39,2323,1
47,2323,1
36,2324,1
37,2324,1
43,2324,1
1,2325,1
14,2325,1
36,2327,1
37,2327,1
43,2327,1
36,2328,1
37,2328,1
43,2328,1
36,2329,1
37,2329,1
43,2329,1
1,2330,1
14,2330,1
36,2331,1
37,2331,1
43,2331,1
49,2332,1
52,2332,1
19,2333,1
23,2333,1
49,2335,1
51,2335,1
36,2336,1
37,2336,1
43,2336,1
36,2340,1
37,2340,1
43,2340,1
36,2341,1
37,2341,1
43,2341,1
36,2342,1
37,2342,1
43,2342,1
19,2343,1
23,2343,1
28,2344,1
31,2344,1
36,2345,1
37,2345,1
43,2345,1
36,2346,1
37,2346,1
43,2346,1
49,2347,1
51,2347,1
19,2348,1
23,2348,1
36,2349,1
37,2349,1
43,2349,1
28,2350,1
31,2350,1
36,2351,1
37,2351,1
43,2351,1
49,2355,1
53,2355,1
58,2355,1
49,2356,1
53,2356,1
58,2356,1
36,2357,1
37,2357,1
43,2357,1
36,2359,1
37,2359,1
43,2359,1
49,2360,1
50,2360,1
49,2361,1
52,2361,1
36,2362,1
37,2362,1
43,2362,1
28,2364,1
31,2364,1
49,2365,1
52,2365,1
36,2366,1
37,2366,1
43,2366,1
1,2367,1
14,2367,1
36,2368,1
36,2369,1
37,2369,1
43,2369,1
1,2371,1
13,2371,1
1,2373,1
13,2373,1
49,2374,1
51,2374,1
49,2375,1
53,2375,1
58,2375,1
19,2376,1
23,2376,1
36,2377,1
37,2377,1
43,2377,1
1,2378,1
13,2378,1
49,2379,1
51,2379,1
49,2380,1
53,2380,1
58,2380,1
36,2381,1
1,2382,1
13,2382,1
49,2383,1
53,2383,1
58,2383,1
36,2384,1
37,2384,1
43,2384,1
49,2385,1
51,2385,1
49,2386,1
51,2386,1
36,2387,1
37,2387,1
43,2387,1
36,2391,1
39,2391,1
46,2391,1
49,2392,1
53,2392,1
58,2392,1
19,2393,1
23,2393,1
36,2394,1
19,2395,1
23,2395,1
36,2396,1
39,2396,1
46,2396,1
36,2397,1
37,2397,1
43,2397,1
36,2398,1
37,2398,1
43,2398,1
49,2399,1
52,2399,1
36,2400,1
36,2401,1
37,2401,1
43,2401,1
36,2402,1
37,2402,1
43,2402,1
36,2403,1
37,2403,1
43,2403,1
1,2404,1
13,2404,1
49,2405,1
50,2405,1
36,2406,1
36,2408,1
36,2410,1
39,2410,1
47,2410,1
49,2411,1
53,2411,1
58,2411,1
28,2412,1
31,2412,1
1,2413,1
14,2413,1
1,2414,1
13,2414,1
19,2415,1
23,2415,1
36,2416,1
36,2417,1
39,2417,1
47,2417,1
1,2418,1
14,2418,1
1,2419,1
14,2419,1
36,2420,1
37,2420,1
43,2420,1
49,2421,1
52,2421,1
19,2422,1
23,2422,1
49,2423,1
51,2423,1
28,2424,1
31,2424,1
49,2425,1
52,2425,1
36,2426,1
49,2427,1
53,2427,1
58,2427,1
49,2428,1
52,2428,1
28,2431,1
29,2431,1
36,2433,1
36,2434,1
37,2434,1
43,2434,1
36,2436,1
37,2436,1
43,2436,1
49,2438,1
53,2438,1
58,2438,1
49,2439,1
52,2439,1
49,2440,1
52,2440,1
49,2441,1
50,2441,1
49,2442,1
53,2442,1
58,2442,1
28,2443,1
31,2443,1
36,2444,1
39,2444,1
46,2444,1
19,2445,1
23,2445,1
49,2446,1
53,2446,1
58,2446,1
36,2447,1
37,2447,1
43,2447,1
1,2448,1
14,2448,1
36,2449,1
39,2449,1
47,2449,1
36,2450,1
37,2450,1
43,2450,1
28,2452,1
29,2452,1
28,2453,1
29,2453,1
36,2454,1
37,2454,1
43,2454,1
36,2455,1
39,2455,1
47,2455,1
36,2456,1
37,2456,1
43,2456,1
36,2457,1
37,2457,1
43,2457,1
49,2459,1
52,2459,1
36,2460,1
37,2460,1
43,2460,1
28,2461,1
31,2461,1
1,2462,1
14,2462,1
49,2463,1
53,2463,1
58,2463,1
49,2464,1
50,2464,1
36,2465,1
36,2467,1
37,2467,1
43,2467,1
36,2468,1
39,2468,1
47,2468,1
49,2469,1
51,2469,1
28,2470,1
29,2470,1
28,2471,1
31,2471,1
36,2472,1
37,2472,1
43,2472,1
28,2473,1
29,2473,1
49,2474,1
50,2474,1
36,2477,1
37,2477,1
43,2477,1
49,2478,1
53,2478,1
58,2478,1
1,2479,1
13,2479,1
36,2480,1
39,2480,1
47,2480,1
36,2481,1
37,2481,1
43,2481,1
49,2483,1
52,2483,1
36,2485,1
39,2485,1
46,2485,1
28,2486,1
31,2486,1
1,2487,1
13,2487,1
49,2488,1
52,2488,1
49,2489,1
53,2489,1
58,2489,1
36,2490,1
37,2490,1
43,2490,1
19,2491,1
23,2491,1
49,2492,1
51,2492,1
1,2493,1
13,2493,1
49,2494,1
53,2494,1
58,2494,1
19,2496,1
23,2496,1
36,2497,1
37,2497,1
43,2497,1
49,2498,1
53,2498,1
58,2498,1
28,2499,1
31,2499,1
49,2500,1
53,2500,1
58,2500,1
49,2501,1
52,2501,1
1,2503,1
13,2503,1
28,2504,1
29,2504,1
49,2505,1
51,2505,1
36,2506,1
39,2506,1
47,2506,1
49,2507,1
50,2507,1
28,2508,1
31,2508,1
49,2512,1
51,2512,1
49,2513,1
53,2513,1
58,2513,1
36,2514,1
37,2514,1
43,2514,1
49,2515,1
50,2515,1
49,2517,1
53,2517,1
58,2517,1
49,2518,1
53,2518,1
58,2518,1
49,2519,1
51,2519,1
28,2520,1
31,2520,1
36,2521,1
39,2521,1
46,2521,1
36,2522,1
19,2523,1
23,2523,1
49,2524,1
53,2524,1
58,2524,1
49,2525,1
52,2525,1
36,2527,1
39,2527,1
47,2527,1
49,2528,1
53,2528,1
58,2528,1
49,2529,1
53,2529,1
58,2529,1
36,2530,1
39,2530,1
46,2530,1
1,2531,1
13,2531,1
49,2532,1
52,2532,1
28,2533,1
29,2533,1
36,2534,1
28,2536,1
29,2536,1
36,2537,1
37,2537,1
43,2537,1
36,2538,1
1,2539,1
13,2539,1
49,2540,1
51,2540,1
36,2541,1
36,2542,1
49,2543,1
50,2543,1
19,2544,1
23,2544,1
49,2546,1
53,2546,1
58,2546,1
36,2548,1
37,2548,1
43,2548,1
36,2549,1
37,2549,1
43,2549,1
36,2550,1
39,2550,1
46,2550,1
49,2552,1
51,2552,1
28,2553,1
31,2553,1
49,2554,1
51,2554,1
49,2555,1
51,2555,1
36,2557,1
36,2558,1
37,2558,1
43,2558,1
49,2559,1
53,2559,1
58,2559,1
19,2560,1
23,2560,1
49,2561,1
51,2561,1
1,2562,1
14,2562,1
36,2563,1
49,2564,1
52,2564,1
1,2565,1
13,2565,1
49,2566,1
53,2566,1
58,2566,1
49,2567,1
51,2567,1
49,2568,1
51,2568,1
19,2569,1
23,2569,1
36,2570,1
39,2570,1
46,2570,1
49,2571,1
53,2571,1
58,2571,1
49,2572,1
53,2572,1
58,2572,1
36,2573,1
39,2573,1
46,2573,1
49,2574,1
51,2574,1
36,2575,1
1,2576,1
14,2576,1
49,2577,1
52,2577,1
36,2578,1
37,2578,1
43,2578,1
36,2579,1
37,2579,1
43,2579,1
36,2580,1
39,2580,1
46,2580,1
49,2582,1
53,2582,1
58,2582,1
36,2583,1
1,2584,1
13,2584,1
1,2585,1
14,2585,1
49,2586,1
53,2586,1
58,2586,1
36,2587,1
37,2587,1
43,2587,1
36,2588,1
37,2588,1
43,2588,1
28,2589,1
31,2589,1
36,2590,1
37,2590,1
43,2590,1
36,2591,1
37,2591,1
43,2591,1
49,2593,1
53,2593,1
58,2593,1
49,2594,1
51,2594,1
1,2595,1
13,2595,1
19,2596,1
23,2596,1
49,2597,1
50,2597,1
49,2598,1
53,2598,1
58,2598,1
28,2599,1
29,2599,1
36,2600,1
37,2600,1
43,2600,1
28,2601,1
29,2601,1
36,2603,1
39,2603,1
47,2603,1
49,2606,1
51,2606,1
36,2607,1
37,2607,1
43,2607,1
1,2609,1
14,2609,1
36,2610,1
39,2610,1
46,2610,1
49,2611,1
50,2611,1
36,2612,1
49,2613,1
52,2613,1
28,2614,1
29,2614,1
28,2617,1
31,2617,1
36,2618,1
37,2618,1
43,2618,1
19,2619,1
23,2619,1
36,2620,1
39,2620,1
46,2620,1
36,2622,1
36,2623,1
37,2623,1
43,2623,1
28,2624,1
29,2624,1
36,2625,1
37,2625,1
43,2625,1
36,2626,1
37,2626,1
43,2626,1
36,2627,1
37,2627,1
43,2627,1
49,2628,1
51,2628,1
49,2629,1
52,2629,1
1,2630,1
14,2630,1
36,2631,1
39,2631,1
46,2631,1
49,2632,1
50,2632,1
49,2633,1
51,2633,1
19,2634,1
23,2634,1
28,2635,1
31,2635,1
36,2636,1
39,2636,1
47,2636,1
28,2637,1
31,2637,1
36,2638,1
37,2638,1
43,2638,1
1,2639,1
13,2639,1
28,2640,1
31,2640,1
19,2641,1
23,2641,1
49,2642,1
50,2642,1
36,2643,1
49,2644,1
52,2644,1
49,2647,1
52,2647,1
1,2648,1
13,2648,1
36,2649,1
1,2650,1
13,2650,1
49,2651,1
50,2651,1
49,2652,1
50,2652,1
49,2653,1
51,2653,1
36,2654,1
37,2654,1
43,2654,1
49,2655,1
51,2655,1
49,2656,1
50,2656,1
36,2657,1
37,2657,1
43,2657,1
49,2659,1
52,2659,1
49,2660,1
50,2660,1
1,2661,1
13,2661,1
1,2662,1
13,2662,1
36,2663,1
37,2663,1
43,2663,1
28,2665,1
31,2665,1
36,2666,1
37,2666,1
43,2666,1
49,2667,1
52,2667,1
28,2668,1
29,2668,1
36,2670,1
39,2670,1
47,2670,1
36,2672,1
37,2672,1
43,2672,1
36,2673,1
37,2673,1
43,2673,1
36,2674,1
39,2674,1
46,2674,1
36,2675,1
39,2675,1
46,2675,1
36,2676,1
37,2676,1
43,2676,1
36,2677,1
49,2678,1
52,2678,1
28,2680,1
29,2680,1
36,2681,1
1,2682,1
13,2682,1
36,2683,1
37,2683,1
43,2683,1
49,2684,1
51,2684,1
36,2685,1
49,2686,1
51,2686,1
49,2687,1
52,2687,1
49,2689,1
52,2689,1
36,2690,1
39,2690,1
46,2690,1
19,2691,1
23,2691,1
28,2692,1
29,2692,1
36,2693,1
39,2693,1
47,2693,1
36,2695,1
39,2695,1
47,2695,1
49,2696,1
50,2696,1
49,2697,1
51,2697,1
36,2699,1
37,2699,1
43,2699,1
19,2700,1
23,2700,1
1,2701,1
14,2701,1
49,2702,1
50,2702,1
1,2703,1
13,2703,1
36,2704,1
36,2705,1
37,2705,1
43,2705,1
49,2709,1
50,2709,1
36,2710,1
28,2711,1
29,2711,1
36,2712,1
37,2712,1
43,2712,1
49,2713,1
51,2713,1
36,2714,1
39,2714,1
46,2714,1
19,2717,1
23,2717,1
36,2718,1
37,2718,1
43,2718,1
36,2719,1
39,2719,1
47,2719,1
49,2720,1
53,2720,1
58,2720,1
19,2722,1
23,2722,1
36,2723,1
37,2723,1
43,2723,1
19,2724,1
23,2724,1
36,2725,1
39,2725,1
47,2725,1
49,2726,1
53,2726,1
58,2726,1
1,2727,1
14,2727,1
36,2728,1
37,2728,1
43,2728,1
28,2729,1
29,2729,1
36,2730,1
37,2730,1
43,2730,1
28,2732,1
31,2732,1
36,2733,1
39,2733,1
46,2733,1
49,2734,1
52,2734,1
49,2735,1
53,2735,1
58,2735,1
49,2736,1
51,2736,1
36,2737,1
37,2737,1
43,2737,1
19,2738,1
23,2738,1
49,2739,1
51,2739,1
49,2740,1
52,2740,1
36,2742,1
37,2742,1
43,2742,1
1,2743,1
14,2743,1
49,2744,1
53,2744,1
58,2744,1
49,2745,1
52,2745,1
19,2746,1
23,2746,1
49,2748,1
53,2748,1
58,2748,1
28,2749,1
31,2749,1
36,2751,1
37,2751,1
43,2751,1
19,2752,1
23,2752,1
36,2753,1
37,2753,1
43,2753,1
36,2754,1
37,2754,1
43,2754,1
36,2755,1
39,2755,1
46,2755,1
36,2756,1
39,2756,1
47,2756,1
36,2757,1
37,2757,1
43,2757,1
36,2758,1
37,2758,1
43,2758,1
36,2759,1
39,2759,1
47,2759,1
1,2760,1
14,2760,1
28,2761,1
29,2761,1
36,2762,1
1,2763,1
14,2763,1
1,2764,1
14,2764,1
49,2765,1
51,2765,1
19,2766,1
23,2766,1
36,2767,1
28,2769,1
29,2769,1
28,2770,1
29,2770,1
49,2771,1
53,2771,1
58,2771,1
36,2772,1
37,2772,1
43,2772,1
49,2773,1
52,2773,1
1,2774,1
13,2774,1
19,2775,1
23,2775,1
49,2776,1
50,2776,1
36,2777,1
36,2778,1
37,2778,1
43,2778,1
36,2779,1
39,2779,1
46,2779,1
1,2780,1
13,2780,1
49,2781,1
53,2781,1
58,2781,1
1,2782,1
14,2782,1
28,2783,1
29,2783,1
36,2784,1
37,2784,1
43,2784,1
36,2785,1
37,2785,1
43,2785,1
49,2786,1
50,2786,1
49,2787,1
51,2787,1
28,2788,1
29,2788,1
36,2789,1
37,2789,1
43,2789,1
36,2790,1
37,2790,1
43,2790,1
36,2791,1
37,2791,1
43,2791,1
36,2792,1
37,2792,1
43,2792,1
36,2793,1
37,2793,1
43,2793,1
36,2794,1
39,2794,1
46,2794,1
36,2795,1
37,2795,1
43,2795,1
49,2796,1
52,2796,1
28,2797,1
31,2797,1
28,2798,1
29,2798,1
49,2799,1
51,2799,1
28,2800,1
29,2800,1
28,2801,1
31,2801,1
36,2802,1
37,2802,1
43,2802,1
49,2803,1
51,2803,1
1,2804,1
13,2804,1
1,2805,1
13,2805,1
49,2806,1
53,2806,1
58,2806,1
28,2807,1
31,2807,1
36,2809,1
37,2809,1
43,2809,1
36,2811,1
37,2811,1
43,2811,1
36,2814,1
1,2815,1
13,2815,1
28,2816,1
29,2816,1
49,2817,1
52,2817,1
36,2818,1
37,2818,1
43,2818,1
36,2820,1
28,2821,1
29,2821,1
1,2822,1
13,2822,1
1,2823,1
14,2823,1
28,2824,1
31,2824,1
1,2825,1
14,2825,1
36,2826,1
37,2826,1
43,2826,1
49,2827,1
53,2827,1
58,2827,1
36,2829,1
49,2830,1
53,2830,1
58,2830,1
28,2831,1
29,2831,1
36,2832,1
37,2832,1
43,2832,1
36,2833,1
1,2834,1
14,2834,1
49,2835,1
50,2835,1
36,2836,1
39,2836,1
46,2836,1
49,2837,1
52,2837,1
28,2839,1
31,2839,1
36,2840,1
37,2840,1
43,2840,1
49,2841,1
51,2841,1
36,2842,1
37,2842,1
43,2842,1
1,2845,1
14,2845,1
49,2846,1
53,2846,1
58,2846,1
1,2847,1
14,2847,1
36,2848,1
37,2848,1
43,2848,1
49,2849,1
53,2849,1
58,2849,1
36,2850,1
37,2850,1
43,2850,1
36,2851,1
37,2851,1
43,2851,1
28,2852,1
29,2852,1
36,2853,1
37,2853,1
43,2853,1
49,2854,1
50,2854,1
49,2855,1
50,2855,1
36,2856,1
39,2856,1
46,2856,1
1,2857,1
14,2857,1
36,2859,1
39,2859,1
47,2859,1
49,2860,1
53,2860,1
58,2860,1
49,2861,1
50,2861,1
49,2862,1
50,2862,1
49,2863,1
53,2863,1
58,2863,1
36,2864,1
37,2864,1
43,2864,1
49,2865,1
51,2865,1
36,2866,1
37,2866,1
43,2866,1
28,2867,1
31,2867,1
19,2868,1
23,2868,1
49,2869,1
52,2869,1
36,2870,1
49,2871,1
51,2871,1
36,2872,1
37,2872,1
43,2872,1
36,2873,1
37,2873,1
43,2873,1
36,2874,1
39,2874,1
47,2874,1
36,2875,1
39,2875,1
47,2875,1
49,2876,1
53,2876,1
58,2876,1
36,2877,1
37,2877,1
43,2877,1
49,2878,1
53,2878,1
58,2878,1
36,2880,1
37,2880,1
43,2880,1
49,2881,1
51,2881,1
1,2882,1
13,2882,1
49,2885,1
52,2885,1
49,2886,1
52,2886,1
36,2887,1
39,2887,1
46,2887,1
28,2889,1
29,2889,1
1,2890,1
13,2890,1
28,2891,1
31,2891,1
1,2892,1
14,2892,1
49,2893,1
50,2893,1
19,2894,1
23,2894,1
49,2896,1
53,2896,1
58,2896,1
36,2897,1
37,2897,1
43,2897,1
36,2898,1
37,2898,1
43,2898,1
36,2899,1
37,2899,1
43,2899,1
19,2900,1
23,2900,1
36,2901,1
37,2901,1
43,2901,1
36,2902,1
37,2902,1
43,2902,1
49,2903,1
51,2903,1
36,2904,1
49,2905,1
51,2905,1
49,2907,1
50,2907,1
28,2908,1
29,2908,1
49,2909,1
53,2909,1
58,2909,1
49,2910,1
53,2910,1
58,2910,1
49,2911,1
50,2911,1
28,2913,1
29,2913,1
49,2914,1
53,2914,1
58,2914,1
36,2915,1
36,2916,1
39,2916,1
47,2916,1
36,2917,1
37,2917,1
43,2917,1
49,2918,1
53,2918,1
58,2918,1
19,2919,1
23,2919,1
36,2920,1
37,2920,1
43,2920,1
1,2923,1
13,2923,1
49,2924,1
53,2924,1
58,2924,1
36,2925,1
37,2925,1
43,2925,1
36,2926,1
37,2926,1
43,2926,1
49,2927,1
50,2927,1
36,2928,1
37,2928,1
43,2928,1
36,2929,1
37,2929,1
43,2929,1
36,2930,1
1,2931,1
13,2931,1
1,2933,1
14,2933,1
36,2935,1
39,2935,1
46,2935,1
49,2936,1
53,2936,1
58,2936,1
49,2937,1
50,2937,1
36,2938,1
37,2938,1
43,2938,1
49,2939,1
50,2939,1
36,2943,1
1,2944,1
14,2944,1
36,2946,1
37,2946,1
43,2946,1
49,2947,1
51,2947,1
19,2948,1
23,2948,1
28,2949,1
29,2949,1
36,2950,1
39,2950,1
47,2950,1
28,2951,1
31,2951,1
49,2952,1
52,2952,1
36,2953,1
37,2953,1
43,2953,1
36,2954,1
39,2954,1
47,2954,1
1,2955,1
14,2955,1
28,2956,1
29,2956,1
36,2957,1
37,2957,1
43,2957,1
36,2958,1
37,2958,1
43,2958,1
36,2959,1
37,2959,1
43,2959,1
36,2960,1
39,2960,1
46,2960,1
36,2961,1
1,2962,1
14,2962,1
49,2963,1
52,2963,1
28,2964,1
31,2964,1
36,2965,1
49,2968,1
53,2968,1
58,2968,1
49,2969,1
53,2969,1
58,2969,1
49,2970,1
52,2970,1
36,2971,1
37,2971,1
43,2971,1
28,2972,1
31,2972,1
28,2973,1
31,2973,1
36,2975,1
37,2975,1
43,2975,1
28,2976,1
31,2976,1
36,2977,1
37,2977,1
43,2977,1
36,2978,1
37,2978,1
43,2978,1
49,2979,1
53,2979,1
58,2979,1
49,2980,1
52,2980,1
36,2981,1
28,2982,1
29,2982,1
1,2984,1
14,2984,1
36,2987,1
37,2987,1
43,2987,1
28,2988,1
31,2988,1
1,2990,1
14,2990,1
49,2991,1
53,2991,1
58,2991,1
36,2992,1
39,2992,1
47,2992,1
36,2993,1
39,2993,1
46,2993,1
36,2994,1
37,2994,1
43,2994,1
36,2995,1
37,2995,1
43,2995,1
49,2996,1
50,2996,1
49,2997,1
50,2997,1
36,3000,1
37,3000,1
43,3000,1
36,3001,1
37,3001,1
43,3001,1
36,3002,1
39,3002,1
46,3002,1
36,3004,1
37,3004,1
43,3004,1
49,3005,1
50,3005,1
49,3006,1
53,3006,1
58,3006,1
36,3007,1
49,3008,1
53,3008,1
58,3008,1
36,3009,1
39,3009,1
47,3009,1
49,3011,1
53,3011,1
58,3011,1
19,3012,1
23,3012,1
36,3013,1
37,3013,1
43,3013,1
36,3015,1
37,3015,1
43,3015,1
49,3016,1
51,3016,1
49,3017,1
53,3017,1
58,3017,1
49,3018,1
51,3018,1
28,3019,1
29,3019,1
36,3021,1
37,3021,1
43,3021,1
36,3022,1
37,3022,1
43,3022,1
19,3023,1
23,3023,1
1,3024,1
14,3024,1
49,3025,1
52,3025,1
36,3026,1
37,3026,1
43,3026,1
19,3027,1
23,3027,1
36,3028,1
37,3028,1
43,3028,1
49,3029,1
52,3029,1
36,3030,1
37,3030,1
43,3030,1
28,3031,1
29,3031,1
36,3033,1
19,3034,1
23,3034,1
36,3036,1
36,3038,1
49,3040,1
50,3040,1
36,3041,1
37,3041,1
43,3041,1
49,3042,1
53,3042,1
58,3042,1
28,3043,1
29,3043,1
49,3044,1
51,3044,1
36,3045,1
49,3046,1
53,3046,1
58,3046,1
19,3047,1
23,3047,1
1,3048,1
14,3048,1
1,3049,1
14,3049,1
36,3050,1
39,3050,1
46,3050,1
49,3052,1
53,3052,1
58,3052,1
49,3053,1
53,3053,1
58,3053,1
1,3054,1
13,3054,1
49,3055,1
50,3055,1
49,3056,1
52,3056,1
49,3058,1
52,3058,1
49,3060,1
52,3060,1
36,3061,1
37,3061,1
43,3061,1
36,3062,1
37,3062,1
43,3062,1
36,3063,1
28,3064,1
29,3064,1
49,3065,1
53,3065,1
58,3065,1
49,3066,1
53,3066,1
58,3066,1
28,3067,1
31,3067,1
1,3068,1
13,3068,1
49,3070,1
51,3070,1
36,3071,1
49,3072,1
53,3072,1
58,3072,1
36,3073,1
39,3073,1
47,3073,1
36,3074,1
37,3074,1
43,3074,1
49,3075,1
53,3075,1
58,3075,1
36,3076,1
36,3078,1
37,3078,1
43,3078,1
49,3079,1
50,3079,1
36,3080,1
37,3080,1
43,3080,1
36,3084,1
28,3085,1
29,3085,1
1,3086,1
13,3086,1
49,3087,1
52,3087,1
28,3088,1
31,3088,1
28,3090,1
29,3090,1
36,3091,1
37,3091,1
43,3091,1
36,3093,1
37,3093,1
43,3093,1
36,3094,1
37,3094,1
43,3094,1
36,3096,1
37,3096,1
43,3096,1
1,3097,1
14,3097,1
36,3098,1
39,3098,1
47,3098,1
49,3100,1
51,3100,1
36,3101,1
37,3101,1
43,3101,1
36,3102,1
49,3104,1
51,3104,1
36,3105,1
37,3105,1
43,3105,1
36,3107,1
37,3107,1
43,3107,1
36,3108,1
37,3108,1
43,3108,1
49,3110,1
52,3110,1
36,3111,1
37,3111,1
43,3111,1
49,3113,1
53,3113,1
58,3113,1
49,3114,1
53,3114,1
58,3114,1
49,3115,1
50,3115,1
1,3116,1
14,3116,1
49,3118,1
50,3118,1
36,3120,1
39,3120,1
46,3120,1
36,3121,1
37,3121,1
43,3121,1
49,3122,1
50,3122,1
49,3123,1
52,3123,1
1,3124,1
14,3124,1
36,3125,1
37,3125,1
43,3125,1
49,3126,1
53,3126,1
58,3126,1
36,3128,1
36,3129,1
28,3132,1
31,3132,1
28,3133,1
29,3133,1
36,3135,1
37,3135,1
43,3135,1
49,3136,1
53,3136,1
58,3136,1
36,3137,1
36,3139,1
37,3139,1
43,3139,1
36,3140,1
39,3140,1
46,3140,1
36,3141,1
37,3141,1
43,3141,1
19,3142,1
23,3142,1
36,3143,1
1,3144,1
13,3144,1
49,3145,1
53,3145,1
58,3145,1
36,3146,1
37,3146,1
43,3146,1
1,3147,1
14,3147,1
36,3149,1
37,3149,1
43,3149,1
49,3150,1
53,3150,1
58,3150,1
36,3151,1
39,3151,1
46,3151,1
28,3152,1
29,3152,1
49,3153,1
52,3153,1
1,3154,1
13,3154,1
1,3155,1
14,3155,1
36,3156,1
39,3156,1
47,3156,1
36,3157,1
37,3157,1
43,3157,1
28,3158,1
29,3158,1
49,3160,1
50,3160,1
36,3161,1
39,3161,1
46,3161,1
36,3162,1
39,3162,1
47,3162,1
28,3163,1
29,3163,1
36,3164,1
37,3164,1
43,3164,1
19,3165,1
23,3165,1
28,3166,1
29,3166,1
36,3167,1
39,3167,1
47,3167,1
1,3168,1
13,3168,1
36,3169,1
37,3169,1
43,3169,1
36,3171,1
37,3171,1
43,3171,1
19,3172,1
23,3172,1
36,3174,1
28,3175,1
29,3175,1
36,3176,1
37,3176,1
43,3176,1
28,3177,1
29,3177,1
36,3178,1
37,3178,1
43,3178,1
36,3179,1
28,3180,1
31,3180,1
36,3181,1
39,3181,1
47,3181,1
36,3182,1
37,3182,1
43,3182,1
36,3183,1
37,3183,1
43,3183,1
28,3184,1
29,3184,1
49,3185,1
50,3185,1
1,3186,1
14,3186,1
28,3187,1
31,3187,1
36,3189,1
37,3189,1
43,3189,1
36,3190,1
39,3190,1
47,3190,1
36,3191,1
39,3191,1
47,3191,1
36,3192,1
39,3192,1
47,3192,1
1,3193,1
14,3193,1
36,3194,1
37,3194,1
43,3194,1
49,3195,1
53,3195,1
58,3195,1
36,3196,1
37,3196,1
43,3196,1
1,3197,1
13,3197,1
49,3198,1
51,3198,1
28,3199,1
31,3199,1
1,3200,1
13,3200,1
36,3201,1
39,3201,1
46,3201,1
1,3202,1
14,3202,1
28,3203,1
31,3203,1
36,3204,1
37,3204,1
43,3204,1
36,3205,1
39,3205,1
46,3205,1
36,3206,1
37,3206,1
43,3206,1
36,3207,1
39,3207,1
47,3207,1
36,3208,1
37,3208,1
43,3208,1
36,3209,1
37,3209,1
43,3209,1
49,3210,1
52,3210,1
28,3211,1
29,3211,1
49,3212,1
53,3212,1
58,3212,1
36,3213,1
37,3213,1
43,3213,1
36,3214,1
39,3214,1
47,3214,1
36,3215,1
36,3217,1
39,3217,1
47,3217,1
49,3218,1
53,3218,1
58,3218,1
36,3219,1
39,3219,1
46,3219,1
49,3221,1
50,3221,1
36,3222,1
36,3223,1
37,3223,1
43,3223,1
36,3224,1
49,3225,1
51,3225,1
1,3227,1
13,3227,1
1,3228,1
14,3228,1
49,3229,1
52,3229,1
36,3230,1
37,3230,1
43,3230,1
49,3231,1
53,3231,1
58,3231,1
36,3232,1
37,3232,1
43,3232,1
36,3233,1
37,3233,1
43,3233,1
49,3234,1
50,3234,1
1,3236,1
13,3236,1
1,3237,1
13,3237,1
28,3238,1
29,3238,1
28,3239,1
31,3239,1
49,3240,1
51,3240,1
36,3241,1
36,3242,1
37,3242,1
43,3242,1
49,3243,1
50,3243,1
19,3244,1
23,3244,1
36,3245,1
37,3245,1
43,3245,1
1,3246,1
14,3246,1
36,3247,1
39,3247,1
47,3247,1
36,3248,1
37,3248,1
43,3248,1
28,3249,1
31,3249,1
36,3250,1
39,3250,1
47,3250,1
49,3251,1
51,3251,1
49,3252,1
52,3252,1
49,3253,1
53,3253,1
58,3253,1
1,3255,1
14,3255,1
1,3257,1
13,3257,1
49,3258,1
53,3258,1
58,3258,1
49,3259,1
53,3259,1
58,3259,1
28,3260,1
31,3260,1
49,3261,1
50,3261,1
19,3262,1
23,3262,1
1,3263,1
14,3263,1
36,3264,1
37,3264,1
43,3264,1
28,3265,1
31,3265,1
36,3266,1
1,3267,1
14,3267,1
36,3268,1
37,3268,1
43,3268,1
36,3270,1
37,3270,1
43,3270,1
49,3271,1
52,3271,1
49,3272,1
51,3272,1
49,3273,1
51,3273,1
49,3274,1
51,3274,1
36,3275,1
39,3275,1
47,3275,1
49,3276,1
53,3276,1
58,3276,1
36,3277,1
37,3277,1
43,3277,1
36,3279,1
36,3280,1
49,3281,1
50,3281,1
19,3283,1
23,3283,1
28,3284,1
29,3284,1
36,3285,1
37,3285,1
43,3285,1
19,3286,1
23,3286,1
49,3288,1
51,3288,1
36,3289,1
28,3290,1
29,3290,1
49,3291,1
53,3291,1
58,3291,1
36,3293,1
37,3293,1
43,3293,1
49,3295,1
50,3295,1
28,3297,1
29,3297,1
36,3298,1
37,3298,1
43,3298,1
36,3299,1
36,3300,1
37,3300,1
43,3300,1
49,3301,1
50,3301,1
49,3302,1
50,3302,1
36,3303,1
37,3303,1
43,3303,1
36,3304,1
37,3304,1
43,3304,1
49,3306,1
51,3306,1
1,3307,1
13,3307,1
49,3309,1
50,3309,1
28,3311,1
31,3311,1
36,3312,1
39,3312,1
47,3312,1
19,3313,1
23,3313,1
36,3316,1
37,3316,1
43,3316,1
1,3317,1
13,3317,1
28,3318,1
31,3318,1
49,3319,1
51,3319,1
1,3321,1
13,3321,1
49,3322,1
53,3322,1
58,3322,1
1,3325,1
14,3325,1
49,3326,1
51,3326,1
49,3327,1
53,3327,1
58,3327,1
28,3328,1
29,3328,1
36,3329,1
39,3329,1
46,3329,1
1,3330,1
13,3330,1
49,3331,1
50,3331,1
1,3333,1
14,3333,1
1,3334,1
13,3334,1
36,3336,1
37,3336,1
43,3336,1
28,3337,1
31,3337,1
36,3339,1
37,3339,1
43,3339,1
36,3341,1
37,3341,1
43,3341,1
49,3343,1
53,3343,1
58,3343,1
36,3344,1
37,3344,1
43,3344,1
49,3345,1
50,3345,1
36,3347,1
39,3347,1
47,3347,1
49,3348,1
50,3348,1
49,3349,1
50,3349,1
28,3350,1
31,3350,1
49,3351,1
51,3351,1
49,3353,1
50,3353,1
49,3354,1
52,3354,1
1,3355,1
14,3355,1
36,3356,1
37,3356,1
43,3356,1
36,3357,1
39,3357,1
47,3357,1
49,3358,1
53,3358,1
58,3358,1
28,3359,1
29,3359,1
36,3360,1
39,3360,1
47,3360,1
49,3361,1
52,3361,1
28,3362,1
29,3362,1
36,3363,1
37,3363,1
43,3363,1
36,3364,1
37,3364,1
43,3364,1
36,3365,1
37,3365,1
43,3365,1
36,3366,1
37,3366,1
43,3366,1
49,3367,1
52,3367,1
36,3368,1
37,3368,1
43,3368,1
28,3369,1
31,3369,1
28,3370,1
29,3370,1
36,3371,1
37,3371,1
43,3371,1
1,3372,1
13,3372,1
36,3373,1
37,3373,1
43,3373,1
36,3374,1
37,3374,1
43,3374,1
36,3376,1
39,3376,1
47,3376,1
1,3377,1
14,3377,1
28,3378,1
31,3378,1
49,3379,1
52,3379,1
36,3381,1
49,3382,1
53,3382,1
58,3382,1
36,3383,1
39,3383,1
46,3383,1
36,3384,1
39,3384,1
47,3384,1
36,3385,1
37,3385,1
43,3385,1
49,3386,1
52,3386,1
49,3387,1
52,3387,1
49,3389,1
53,3389,1
58,3389,1
19,3390,1
23,3390,1
49,3391,1
53,3391,1
58,3391,1
36,3392,1
37,3392,1
43,3392,1
49,3393,1
52,3393,1
36,3395,1
37,3395,1
43,3395,1
36,3396,1
39,3396,1
47,3396,1
1,3397,1
13,3397,1
36,3399,1
39,3399,1
47,3399,1
36,3401,1
39,3401,1
47,3401,1
1,3402,1
14,3402,1
36,3403,1
37,3403,1
43,3403,1
36,3404,1
37,3404,1
43,3404,1
36,3406,1
49,3407,1
50,3407,1
49,3408,1
52,3408,1
36,3409,1
37,3409,1
43,3409,1
36,3410,1
37,3410,1
43,3410,1
28,3411,1
29,3411,1
49,3413,1
50,3413,1
28,3414,1
29,3414,1
36,3415,1
37,3415,1
43,3415,1
36,3416,1
37,3416,1
43,3416,1
36,3417,1
1,3419,1
13,3419,1
1,3420,1
14,3420,1
49,3421,1
53,3421,1
58,3421,1
36,3422,1
37,3422,1
43,3422,1
1,3423,1
14,3423,1
36,3424,1
37,3424,1
43,3424,1
49,3425,1
50,3425,1
49,3426,1
51,3426,1
19,3427,1
23,3427,1
36,3430,1
37,3430,1
43,3430,1
49,3431,1
51,3431,1
36,3432,1
39,3432,1
47,3432,1
1,3433,1
14,3433,1
1,3434,1
13,3434,1
49,3435,1
51,3435,1
36,3436,1
37,3436,1
43,3436,1
36,3438,1
37,3438,1
43,3438,1
36,3439,1
37,3439,1
43,3439,1
1,3440,1
14,3440,1
49,3441,1
53,3441,1
58,3441,1
36,3442,1
39,3442,1
46,3442,1
36,3443,1
37,3443,1
43,3443,1
36,3444,1
39,3444,1
46,3444,1
49,3445,1
53,3445,1
58,3445,1
28,3446,1
31,3446,1
36,3447,1
39,3447,1
46,3447,1
36,3448,1
37,3448,1
43,3448,1
49,3449,1
51,3449,1
36,3451,1
37,3451,1
43,3451,1
49,3452,1
50,3452,1
49,3453,1
53,3453,1
58,3453,1
49,3455,1
53,3455,1
58,3455,1
1,3456,1
14,3456,1
49,3457,1
52,3457,1
1,3458,1
14,3458,1
49,3459,1
51,3459,1
36,3460,1
36,3462,1
37,3462,1
43,3462,1
28,3463,1
31,3463,1
36,3464,1
37,3464,1
43,3464,1
36,3465,1
49,3466,1
50,3466,1
1,3467,1
14,3467,1
1,3468,1
13,3468,1
36,3469,1
37,3469,1
43,3469,1
1,3470,1
14,3470,1
36,3471,1
39,3471,1
47,3471,1
28,3472,1
31,3472,1
28,3473,1
31,3473,1
36,3474,1
37,3474,1
43,3474,1
49,3475,1
50,3475,1
28,3476,1
29,3476,1
36,3477,1
39,3477,1
46,3477,1
49,3478,1
50,3478,1
1,3479,1
14,3479,1
28,3480,1
31,3480,1
49,3481,1
50,3481,1
49,3482,1
51,3482,1
36,3483,1
36,3484,1
37,3484,1
43,3484,1
49,3485,1
51,3485,1
36,3486,1
39,3486,1
46,3486,1
36,3488,1
37,3488,1
43,3488,1
1,3489,1
13,3489,1
36,3490,1
28,3491,1
31,3491,1
36,3492,1
39,3492,1
47,3492,1
49,3493,1
50,3493,1
36,3494,1
37,3494,1
43,3494,1
36,3495,1
37,3495,1
43,3495,1
36,3496,1
37,3496,1
43,3496,1
36,3497,1
37,3497,1
43,3497,1
49,3498,1
53,3498,1
58,3498,1
49,3499,1
53,3499,1
58,3499,1
49,3500,1
53,3500,1
58,3500,1
49,3502,1
53,3502,1
58,3502,1
19,3503,1
23,3503,1
36,3504,1
39,3504,1
46,3504,1
49,3505,1
51,3505,1
28,3506,1
31,3506,1
1,3509,1
13,3509,1
36,3510,1
37,3510,1
43,3510,1
36,3512,1
37,3512,1
43,3512,1
28,3513,1
31,3513,1
49,3514,1
50,3514,1
36,3515,1
37,3515,1
43,3515,1
19,3516,1
23,3516,1
36,3517,1
37,3517,1
43,3517,1
1,3518,1
14,3518,1
49,3520,1
50,3520,1
49,3522,1
53,3522,1
58,3522,1
36,3523,1
37,3523,1
43,3523,1
36,3525,1
37,3525,1
43,3525,1
1,3526,1
13,3526,1
49,3527,1
53,3527,1
58,3527,1
49,3528,1
52,3528,1
36,3529,1
37,3529,1
43,3529,1
36,3530,1
37,3530,1
43,3530,1
49,3531,1
50,3531,1
49,3532,1
50,3532,1
1,3533,1
14,3533,1
28,3534,1
31,3534,1
28,3535,1
31,3535,1
36,3536,1
37,3536,1
43,3536,1
49,3537,1
52,3537,1
49,3538,1
51,3538,1
49,3539,1
51,3539,1
28,3540,1
29,3540,1
49,3541,1
53,3541,1
58,3541,1
28,3542,1
29,3542,1
36,3543,1
37,3543,1
43,3543,1
36,3544,1
37,3544,1
43,3544,1
1,3545,1
14,3545,1
49,3546,1
51,3546,1
36,3547,1
1,3548,1
13,3548,1
36,3549,1
37,3549,1
43,3549,1
36,3551,1
37,3551,1
43,3551,1
36,3552,1
37,3552,1
43,3552,1
49,3553,1
53,3553,1
58,3553,1
28,3554,1
31,3554,1
36,3555,1
39,3555,1
46,3555,1
49,3556,1
50,3556,1
49,3557,1
53,3557,1
58,3557,1
36,3558,1
28,3559,1
29,3559,1
49,3561,1
50,3561,1
1,3562,1
13,3562,1
36,3564,1
37,3564,1
43,3564,1
36,3565,1
39,3565,1
47,3565,1
36,3568,1
36,3569,1
37,3569,1
43,3569,1
49,3570,1
53,3570,1
58,3570,1
49,3573,1
53,3573,1
58,3573,1
49,3575,1
53,3575,1
58,3575,1
49,3576,1
52,3576,1
36,3577,1
37,3577,1
43,3577,1
1,3578,1
14,3578,1
19,3579,1
23,3579,1
49,3580,1
50,3580,1
49,3581,1
52,3581,1
49,3582,1
53,3582,1
58,3582,1
36,3583,1
39,3583,1
46,3583,1
19,3584,1
23,3584,1
36,3585,1
49,3586,1
53,3586,1
58,3586,1
49,3588,1
52,3588,1
28,3589,1
31,3589,1
49,3590,1
50,3590,1
28,3591,1
29,3591,1
36,3592,1
37,3592,1
43,3592,1
36,3594,1
36,3595,1
37,3595,1
43,3595,1
28,3596,1
29,3596,1
28,3597,1
29,3597,1
49,3598,1
51,3598,1
36,3599,1
39,3599,1
47,3599,1
49,3603,1
53,3603,1
58,3603,1
49,3604,1
53,3604,1
58,3604,1
49,3605,1
51,3605,1
36,3606,1
39,3606,1
46,3606,1
49,3607,1
53,3607,1
58,3607,1
49,3608,1
50,3608,1
36,3609,1
37,3609,1
43,3609,1
36,3610,1
36,3611,1
28,3612,1
31,3612,1
1,3613,1
13,3613,1
49,3614,1
53,3614,1
58,3614,1
36,3615,1
39,3615,1
47,3615,1
28,3616,1
29,3616,1
36,3617,1
37,3617,1
43,3617,1
49,3618,1
50,3618,1
19,3619,1
23,3619,1
36,3620,1
36,3621,1
37,3621,1
43,3621,1
19,3622,1
23,3622,1
49,3623,1
50,3623,1
49,3624,1
53,3624,1
58,3624,1
36,3625,1
37,3625,1
43,3625,1
1,3626,1
14,3626,1
36,3627,1
37,3627,1
43,3627,1
28,3628,1
31,3628,1
36,3629,1
37,3629,1
43,3629,1
36,3630,1
37,3630,1
43,3630,1
36,3631,1
39,3631,1
47,3631,1
49,3632,1
51,3632,1
28,3633,1
31,3633,1
36,3634,1
49,3635,1
51,3635,1
49,3636,1
53,3636,1
58,3636,1
36,3637,1
37,3637,1
43,3637,1
49,3638,1
53,3638,1
58,3638,1
49,3639,1
51,3639,1
19,3641,1
23,3641,1
36,3642,1
37,3642,1
43,3642,1
49,3643,1
51,3643,1
49,3644,1
52,3644,1
36,3645,1
49,3646,1
52,3646,1
36,3647,1
37,3647,1
43,3647,1
36,3648,1
37,3648,1
43,3648,1
36,3649,1
37,3649,1
43,3649,1
19,3651,1
23,3651,1
1,3652,1
14,3652,1
1,3653,1
14,3653,1
36,3655,1
37,3655,1
43,3655,1
1,3656,1
14,3656,1
28,3657,1
29,3657,1
49,3658,1
52,3658,1
36,3660,1
39,3660,1
47,3660,1
1,3661,1
14,3661,1
1,3662,1
13,3662,1
36,3663,1
39,3663,1
47,3663,1
36,3665,1
39,3665,1
47,3665,1
36,3666,1
37,3666,1
43,3666,1
49,3667,1
51,3667,1
49,3668,1
52,3668,1
49,3669,1
50,3669,1
28,3672,1
29,3672,1
36,3674,1
37,3674,1
43,3674,1
49,3675,1
50,3675,1
36,3677,1
39,3677,1
46,3677,1
36,3678,1
37,3678,1
43,3678,1
36,3679,1
37,3679,1
43,3679,1
49,3680,1
53,3680,1
58,3680,1
28,3681,1
31,3681,1
36,3682,1
39,3682,1
47,3682,1
36,3683,1
37,3683,1
43,3683,1
19,3684,1
23,3684,1
36,3685,1
39,3685,1
46,3685,1
1,3686,1
13,3686,1
36,3687,1
37,3687,1
43,3687,1
49,3688,1
52,3688,1
1,3689,1
13,3689,1
19,3690,1
23,3690,1
36,3691,1
1,3692,1
14,3692,1
1,3693,1
13,3693,1
36,3694,1
37,3694,1
43,3694,1
28,3696,1
31,3696,1
49,3698,1
52,3698,1
1,3699,1
14,3699,1
36,3700,1
37,3700,1
43,3700,1
49,3703,1
51,3703,1
1,3704,1
13,3704,1
49,3705,1
52,3705,1
28,3706,1
29,3706,1
1,3707,1
13,3707,1
49,3708,1
51,3708,1
28,3709,1
29,3709,1
49,3711,1
53,3711,1
58,3711,1
49,3712,1
52,3712,1
49,3713,1
53,3713,1
58,3713,1
36,3715,1
39,3715,1
47,3715,1
49,3716,1
51,3716,1
36,3717,1
39,3717,1
47,3717,1
36,3718,1
39,3718,1
46,3718,1
36,3719,1
39,3719,1
47,3719,1
36,3720,1
37,3720,1
43,3720,1
36,3721,1
39,3721,1
47,3721,1
28,3722,1
29,3722,1
36,3723,1
37,3723,1
43,3723,1
36,3724,1
37,3724,1
43,3724,1
36,3725,1
39,3725,1
47,3725,1
19,3726,1
23,3726,1
49,3727,1
53,3727,1
58,3727,1
36,3728,1
39,3728,1
46,3728,1
36,3730,1
37,3730,1
43,3730,1
49,3732,1
50,3732,1
49,3733,1
52,3733,1
36,3734,1
37,3734,1
43,3734,1
1,3735,1
14,3735,1
36,3736,1
37,3736,1
43,3736,1
49,3737,1
52,3737,1
36,3738,1
19,3739,1
23,3739,1
49,3741,1
53,3741,1
58,3741,1
36,3743,1
39,3743,1
47,3743,1
1,3744,1
13,3744,1
49,3745,1
53,3745,1
58,3745,1
49,3746,1
52,3746,1
49,3747,1
53,3747,1
58,3747,1
1,3748,1
14,3748,1
36,3749,1
28,3751,1
31,3751,1
36,3752,1
37,3752,1
43,3752,1
36,3754,1
37,3754,1
43,3754,1
1,3755,1
14,3755,1
36,3756,1
36,3757,1
37,3757,1
43,3757,1
28,3758,1
31,3758,1
28,3759,1
29,3759,1
49,3760,1
53,3760,1
58,3760,1
49,3761,1
53,3761,1
58,3761,1
28,3762,1
31,3762,1
1,3764,1
13,3764,1
49,3765,1
53,3765,1
58,3765,1
36,3766,1
36,3767,1
39,3767,1
46,3767,1
49,3768,1
52,3768,1
36,3769,1
37,3769,1
43,3769,1
36,3771,1
39,3771,1
47,3771,1
49,3772,1
53,3772,1
58,3772,1
36,3773,1
37,3773,1
43,3773,1
49,3774,1
52,3774,1
28,3775,1
31,3775,1
49,3777,1
53,3777,1
58,3777,1
28,3779,1
29,3779,1
19,3781,1
23,3781,1
36,3782,1
39,3782,1
46,3782,1
36,3783,1
39,3783,1
46,3783,1
1,3784,1
14,3784,1
36,3785,1
39,3785,1
46,3785,1
19,3786,1
23,3786,1
36,3787,1
37,3787,1
43,3787,1
1,3788,1
14,3788,1
49,3789,1
53,3789,1
58,3789,1
36,3791,1
37,3791,1
43,3791,1
28,3792,1
31,3792,1
1,3793,1
13,3793,1
36,3794,1
39,3794,1
47,3794,1
1,3795,1
13,3795,1
49,3796,1
53,3796,1
58,3796,1
49,3797,1
52,3797,1
36,3798,1
39,3798,1
46,3798,1
49,3799,1
51,3799,1
28,3800,1
29,3800,1
36,3801,1
37,3801,1
43,3801,1
36,3804,1
37,3804,1
43,3804,1
1,3805,1
14,3805,1
1,3806,1
13,3806,1
28,3807,1
31,3807,1
49,3808,1
50,3808,1
28,3809,1
31,3809,1
49,3810,1
53,3810,1
58,3810,1
19,3811,1
23,3811,1
28,3812,1
29,3812,1
49,3813,1
51,3813,1
19,3815,1
23,3815,1
36,3817,1
37,3817,1
43,3817,1
49,3818,1
53,3818,1
58,3818,1
49,3821,1
53,3821,1
58,3821,1
49,3822,1
53,3822,1
58,3822,1
49,3823,1
50,3823,1
49,3825,1
50,3825,1
36,3826,1
39,3826,1
46,3826,1
1,3827,1
14,3827,1
36,3828,1
37,3828,1
43,3828,1
36,3829,1
36,3831,1
39,3831,1
47,3831,1
36,3832,1
37,3832,1
43,3832,1
28,3833,1
31,3833,1
36,3834,1
37,3834,1
43,3834,1
36,3835,1
37,3835,1
43,3835,1
36,3837,1
39,3837,1
46,3837,1
28,3838,1
31,3838,1
49,3839,1
50,3839,1
49,3840,1
53,3840,1
58,3840,1
36,3841,1
37,3841,1
43,3841,1
28,3842,1
29,3842,1
49,3843,1
52,3843,1
49,3844,1
51,3844,1
36,3845,1
37,3845,1
43,3845,1
19,3846,1
23,3846,1
49,3847,1
51,3847,1
36,3848,1
39,3848,1
46,3848,1
36,3851,1
36,3852,1
37,3852,1
43,3852,1
36,3853,1
39,3853,1
46,3853,1
49,3856,1
50,3856,1
49,3857,1
52,3857,1
36,3858,1
37,3858,1
43,3858,1
49,3859,1
52,3859,1
49,3860,1
50,3860,1
49,3861,1
50,3861,1
49,3862,1
50,3862,1
19,3863,1
23,3863,1
36,3864,1
39,3864,1
47,3864,1
36,3865,1
39,3865,1
46,3865,1
36,3866,1
37,3866,1
43,3866,1
28,3867,1
29,3867,1
19,3868,1
23,3868,1
36,3869,1
39,3869,1
46,3869,1
28,3870,1
29,3870,1
36,3871,1
37,3871,1
43,3871,1
36,3872,1
39,3872,1
46,3872,1
19,3873,1
23,3873,1
28,3874,1
29,3874,1
1,3875,1
13,3875,1
36,3877,1
39,3877,1
46,3877,1
49,3878,1
53,3878,1
58,3878,1
36,3879,1
39,3879,1
47,3879,1
1,3880,1
14,3880,1
36,3881,1
37,3881,1
43,3881,1
1,3882,1
13,3882,1
1,3885,1
13,3885,1
49,3886,1
52,3886,1
36,3887,1
37,3887,1
43,3887,1
36,3889,1
37,3889,1
43,3889,1
28,3890,1
31,3890,1
28,3891,1
29,3891,1
49,3892,1
51,3892,1
19,3893,1
23,3893,1
36,3894,1
37,3894,1
43,3894,1
49,3895,1
51,3895,1
49,3897,1
52,3897,1
36,3898,1
39,3898,1
46,3898,1
1,3899,1
13,3899,1
36,3900,1
37,3900,1
43,3900,1
36,3901,1
37,3901,1
43,3901,1
36,3902,1
36,3903,1
39,3903,1
47,3903,1
36,3904,1
37,3904,1
43,3904,1
49,3905,1
51,3905,1
49,3906,1
51,3906,1
19,3907,1
23,3907,1
36,3908,1
37,3908,1
43,3908,1
49,3909,1
53,3909,1
58,3909,1
49,3911,1
50,3911,1
28,3912,1
31,3912,1
19,3913,1
23,3913,1
49,3914,1
50,3914,1
49,3915,1
52,3915,1
49,3916,1
50,3916,1
36,3917,1
37,3917,1
43,3917,1
28,3918,1
29,3918,1
28,3919,1
29,3919,1
28,3920,1
31,3920,1
36,3921,1
37,3921,1
43,3921,1
36,3922,1
37,3922,1
43,3922,1
36,3924,1
39,3924,1
47,3924,1
36,3925,1
36,3926,1
37,3926,1
43,3926,1
36,3927,1
37,3927,1
43,3927,1
49,3928,1
50,3928,1
1,3929,1
13,3929,1
36,3933,1
39,3933,1
47,3933,1
36,3934,1
36,3936,1
37,3936,1
43,3936,1
36,3937,1
37,3937,1
43,3937,1
28,3938,1
31,3938,1
36,3939,1
36,3940,1
36,3941,1
37,3941,1
43,3941,1
36,3942,1
39,3942,1
46,3942,1
19,3943,1
23,3943,1
49,3946,1
53,3946,1
58,3946,1
36,3947,1
37,3947,1
43,3947,1
36,3948,1
39,3948,1
47,3948,1
49,3949,1
53,3949,1
58,3949,1
49,3950,1
53,3950,1
58,3950,1
1,3951,1
14,3951,1
36,3952,1
39,3952,1
47,3952,1
49,3953,1
50,3953,1
28,3954,1
29,3954,1
28,3955,1
31,3955,1
28,3956,1
29,3956,1
36,3957,1
39,3957,1
46,3957,1
36,3958,1
1,3960,1
14,3960,1
36,3961,1
37,3961,1
43,3961,1
36,3962,1
1,3964,1
14,3964,1
49,3965,1
52,3965,1
36,3966,1
37,3966,1
43,3966,1
28,3967,1
31,3967,1
49,3968,1
50,3968,1
49,3969,1
53,3969,1
58,3969,1
49,3971,1
51,3971,1
36,3972,1
37,3972,1
43,3972,1
49,3973,1
51,3973,1
49,3974,1
51,3974,1
36,3975,1
37,3975,1
43,3975,1
49,3976,1
50,3976,1
36,3977,1
39,3977,1
46,3977,1
36,3978,1
39,3978,1
47,3978,1
28,3979,1
29,3979,1
19,3980,1
23,3980,1
49,3981,1
50,3981,1
36,3982,1
37,3982,1
43,3982,1
36,3983,1
39,3983,1
47,3983,1
1,3984,1
13,3984,1
49,3985,1
50,3985,1
1,3986,1
13,3986,1
1,3987,1
13,3987,1
36,3988,1
37,3988,1
43,3988,1
36,3989,1
37,3989,1
43,3989,1
49,3990,1
53,3990,1
58,3990,1
49,3991,1
51,3991,1
36,3992,1
39,3992,1
47,3992,1
1,3993,1
13,3993,1
36,3994,1
37,3994,1
43,3994,1
36,3995,1
37,3995,1
43,3995,1
36,3996,1
39,3996,1
47,3996,1
28,3997,1
29,3997,1
49,3998,1
52,3998,1
19,3999,1
23,3999,1
36,4000,1
37,4000,1
43,4000,1
36,4001,1
39,4001,1
46,4001,1
28,4002,1
31,4002,1
49,4003,1
50,4003,1
49,4004,1
53,4004,1
58,4004,1
36,4005,1
39,4005,1
47,4005,1
49,4006,1
52,4006,1
1,4007,1
14,4007,1
49,4008,1
52,4008,1
49,4009,1
52,4009,1
49,4010,1
53,4010,1
58,4010,1
36,4011,1
37,4011,1
43,4011,1
36,4012,1
37,4012,1
43,4012,1
36,4013,1
39,4013,1
47,4013,1
36,4014,1
37,4014,1
43,4014,1
36,4015,1
36,4016,1
37,4016,1
43,4016,1
36,4019,1
39,4019,1
47,4019,1
1,4020,1
13,4020,1
49,4021,1
53,4021,1
58,4021,1
28,4022,1
31,4022,1
49,4023,1
51,4023,1
49,4024,1
53,4024,1
58,4024,1
36,4025,1
37,4025,1
43,4025,1
36,4026,1
37,4026,1
43,4026,1
36,4027,1
37,4027,1
43,4027,1
28,4029,1
31,4029,1
19,4030,1
23,4030,1
36,4031,1
37,4031,1
43,4031,1
28,4032,1
31,4032,1
36,4033,1
37,4033,1
43,4033,1
1,4034,1
14,4034,1
36,4035,1
49,4036,1
52,4036,1
36,4038,1
39,4038,1
47,4038,1
28,4039,1
31,4039,1
36,4040,1
37,4040,1
43,4040,1
36,4041,1
1,4042,1
14,4042,1
19,4043,1
23,4043,1
1,4044,1
14,4044,1
49,4045,1
51,4045,1
36,4046,1
37,4046,1
43,4046,1
36,4047,1
37,4047,1
43,4047,1
36,4048,1
37,4048,1
43,4048,1
1,4049,1
14,4049,1
36,4050,1
39,4050,1
46,4050,1
36,4051,1
37,4051,1
43,4051,1
28,4052,1
31,4052,1
36,4053,1
37,4053,1
43,4053,1
28,4054,1
29,4054,1
1,4055,1
13,4055,1
36,4056,1
37,4056,1
43,4056,1
1,4057,1
14,4057,1
36,4058,1
39,4058,1
46,4058,1
1,4059,1
14,4059,1
49,4060,1
50,4060,1
36,4061,1
39,4061,1
46,4061,1
36,4062,1
36,4063,1
39,4063,1
46,4063,1
49,4064,1
52,4064,1
28,4065,1
31,4065,1
49,4066,1
51,4066,1
36,4067,1
39,4067,1
47,4067,1
36,4069,1
39,4069,1
47,4069,1
19,4072,1
23,4072,1
49,4073,1
52,4073,1
49,4075,1
52,4075,1
49,4076,1
51,4076,1
36,4077,1
39,4077,1
46,4077,1
36,4078,1
39,4078,1
47,4078,1
36,4079,1
37,4079,1
43,4079,1
36,4080,1
37,4080,1
43,4080,1
49,4081,1
50,4081,1
28,4082,1
29,4082,1
36,4083,1
39,4083,1
46,4083,1
19,4084,1
23,4084,1
49,4085,1
53,4085,1
58,4085,1
1,4086,1
14,4086,1
36,4087,1
37,4087,1
43,4087,1
49,4088,1
52,4088,1
36,4089,1
37,4089,1
43,4089,1
49,4090,1
52,4090,1
28,4092,1
29,4092,1
28,4094,1
29,4094,1
36,4095,1
36,4096,1
39,4096,1
46,4096,1
28,4097,1
29,4097,1
49,4098,1
52,4098,1
49,4099,1
53,4099,1
58,4099,1
28,4100,1
31,4100,1
1,4101,1
14,4101,1
36,4103,1
37,4103,1
43,4103,1
49,4105,1
50,4105,1
28,4106,1
31,4106,1
36,4107,1
37,4107,1
43,4107,1
36,4108,1
39,4108,1
46,4108,1
36,4109,1
39,4109,1
47,4109,1
36,4110,1
39,4110,1
46,4110,1
36,4111,1
37,4111,1
43,4111,1
49,4112,1
53,4112,1
58,4112,1
36,4114,1
39,4114,1
46,4114,1
36,4115,1
39,4115,1
46,4115,1
19,4116,1
23,4116,1
36,4117,1
39,4117,1
47,4117,1
36,4119,1
39,4119,1
47,4119,1
49,4120,1
52,4120,1
49,4121,1
52,4121,1
28,4122,1
29,4122,1
36,4123,1
37,4123,1
43,4123,1
36,4125,1
37,4125,1
43,4125,1
28,4126,1
29,4126,1
28,4127,1
29,4127,1
36,4128,1
1,4129,1
13,4129,1
1,4130,1
14,4130,1
36,4132,1
37,4132,1
43,4132,1
36,4133,1
37,4133,1
43,4133,1
36,4134,1
37,4134,1
43,4134,1
28,4135,1
31,4135,1
36,4136,1
36,4137,1
37,4137,1
43,4137,1
49,4139,1
52,4139,1
36,4140,1
39,4140,1
46,4140,1
49,4142,1
52,4142,1
36,4144,1
1,4146,1
13,4146,1
1,4148,1
14,4148,1
28,4149,1
31,4149,1
1,4150,1
14,4150,1
49,4151,1
52,4151,1
1,4152,1
14,4152,1
36,4153,1
37,4153,1
43,4153,1
1,4154,1
14,4154,1
28,4156,1
29,4156,1
49,4157,1
50,4157,1
36,4158,1
37,4158,1
43,4158,1
49,4159,1
52,4159,1
36,4160,1
37,4160,1
43,4160,1
36,4161,1
37,4161,1
43,4161,1
19,4162,1
23,4162,1
49,4163,1
51,4163,1
49,4164,1
50,4164,1
36,4165,1
37,4165,1
43,4165,1
36,4166,1
37,4166,1
43,4166,1
1,4168,1
13,4168,1
19,4169,1
23,4169,1
19,4170,1
23,4170,1
36,4171,1
36,4172,1
36,4173,1
37,4173,1
43,4173,1
49,4174,1
50,4174,1
36,4175,1
37,4175,1
43,4175,1
28,4176,1
31,4176,1
36,4177,1
39,4177,1
47,4177,1
1,4178,1
14,4178,1
36,4179,1
37,4179,1
43,4179,1
49,4180,1
52,4180,1
28,4181,1
29,4181,1
1,4182,1
13,4182,1
19,4183,1
23,4183,1
36,4185,1
37,4185,1
43,4185,1
49,4186,1
52,4186,1
28,4187,1
31,4187,1
49,4189,1
51,4189,1
49,4190,1
53,4190,1
58,4190,1
1,4191,1
13,4191,1
28,4192,1
31,4192,1
36,4193,1
39,4193,1
46,4193,1
49,4194,1
53,4194,1
58,4194,1
36,4195,1
39,4195,1
46,4195,1
19,4196,1
23,4196,1
49,4197,1
52,4197,1
36,4198,1
37,4198,1
43,4198,1
49,4199,1
50,4199,1
28,4200,1
31,4200,1
36,4203,1
37,4203,1
43,4203,1
36,4204,1
37,4204,1
43,4204,1
36,4205,1
37,4205,1
43,4205,1
19,4206,1
23,4206,1
49,4207,1
52,4207,1
36,4208,1
37,4208,1
43,4208,1
36,4209,1
37,4209,1
43,4209,1
36,4210,1
37,4210,1
43,4210,1
36,4212,1
39,4212,1
46,4212,1
49,4213,1
53,4213,1
58,4213,1
36,4214,1
36,4215,1
39,4215,1
47,4215,1
49,4216,1
51,4216,1
49,4217,1
53,4217,1
58,4217,1
49,4219,1
53,4219,1
58,4219,1
36,4220,1
37,4220,1
43,4220,1
19,4221,1
23,4221,1
36,4222,1
37,4222,1
43,4222,1
28,4223,1
29,4223,1
49,4224,1
50,4224,1
28,4225,1
31,4225,1
36,4226,1
37,4226,1
43,4226,1
49,4227,1
51,4227,1
28,4228,1
29,4228,1
1,4229,1
14,4229,1
36,4230,1
37,4230,1
43,4230,1
49,4231,1
50,4231,1
28,4232,1
29,4232,1
36,4233,1
1,4235,1
13,4235,1
49,4236,1
52,4236,1
28,4237,1
31,4237,1
36,4238,1
37,4238,1
43,4238,1
1,4239,1
14,4239,1
36,4240,1
39,4240,1
46,4240,1
36,4242,1
37,4242,1
43,4242,1
19,4243,1
23,4243,1
36,4244,1
37,4244,1
43,4244,1
36,4246,1
37,4246,1
43,4246,1
36,4247,1
37,4247,1
43,4247,1
28,4248,1
29,4248,1
1,4249,1
14,4249,1
49,4250,1
52,4250,1
1,4251,1
14,4251,1
49,4252,1
51,4252,1
19,4253,1
23,4253,1
36,4254,1
37,4254,1
43,4254,1
49,4255,1
53,4255,1
58,4255,1
36,4256,1
37,4256,1
43,4256,1
1,4258,1
13,4258,1
1,4259,1
13,4259,1
49,4260,1
53,4260,1
58,4260,1
49,4261,1
50,4261,1
49,4262,1
50,4262,1
19,4263,1
23,4263,1
36,4265,1
37,4265,1
43,4265,1
49,4266,1
50,4266,1
49,4267,1
53,4267,1
58,4267,1
36,4269,1
49,4270,1
51,4270,1
19,4271,1
23,4271,1
36,4272,1
37,4272,1
43,4272,1
28,4273,1
31,4273,1
36,4274,1
37,4274,1
43,4274,1
36,4276,1
39,4276,1
47,4276,1
36,4277,1
37,4277,1
43,4277,1
49,4278,1
52,4278,1
49,4279,1
51,4279,1
49,4280,1
51,4280,1
1,4282,1
13,4282,1
36,4284,1
39,4284,1
47,4284,1
36,4285,1
49,4286,1
51,4286,1
19,4287,1
23,4287,1
1,4288,1
13,4288,1
49,4289,1
53,4289,1
58,4289,1
28,4290,1
29,4290,1
19,4292,1
23,4292,1
1,4293,1
14,4293,1
49,4294,1
53,4294,1
58,4294,1
28,4295,1
29,4295,1
1,4297,1
13,4297,1
36,4298,1
37,4298,1
43,4298,1
36,4299,1
37,4299,1
43,4299,1
19,4300,1
23,4300,1
36,4301,1
37,4301,1
43,4301,1
28,4303,1
29,4303,1
49,4304,1
50,4304,1
49,4305,1
52,4305,1
1,4306,1
14,4306,1
36,4308,1
36,4309,1
39,4309,1
46,4309,1
1,4310,1
14,4310,1
49,4311,1
53,4311,1
58,4311,1
36,4312,1
37,4312,1
43,4312,1
49,4313,1
52,4313,1
36,4314,1
37,4314,1
43,4314,1
36,4315,1
37,4315,1
43,4315,1
36,4316,1
28,4317,1
31,4317,1
36,4318,1
39,4318,1
46,4318,1
1,4319,1
14,4319,1
28,4320,1
31,4320,1
19,4321,1
23,4321,1
19,4323,1
23,4323,1
28,4324,1
29,4324,1
49,4325,1
50,4325,1
1,4326,1
13,4326,1
49,4327,1
51,4327,1
36,4328,1
37,4328,1
43,4328,1
49,4329,1
53,4329,1
58,4329,1
1,4330,1
13,4330,1
1,4331,1
13,4331,1
36,4332,1
37,4332,1
43,4332,1
36,4333,1
28,4334,1
31,4334,1
19,4335,1
23,4335,1
1,4337,1
13,4337,1
28,4338,1
31,4338,1
49,4339,1
53,4339,1
58,4339,1
49,4340,1
53,4340,1
58,4340,1
36,4343,1
37,4343,1
43,4343,1
36,4345,1
37,4345,1
43,4345,1
28,4346,1
31,4346,1
36,4347,1
36,4348,1
37,4348,1
43,4348,1
28,4349,1
29,4349,1
28,4350,1
31,4350,1
19,4352,1
23,4352,1
36,4353,1
39,4353,1
47,4353,1
36,4354,1
19,4355,1
23,4355,1
36,4356,1
39,4356,1
46,4356,1
49,4357,1
53,4357,1
58,4357,1
36,4358,1
39,4358,1
47,4358,1
36,4359,1
37,4359,1
43,4359,1
49,4360,1
52,4360,1
36,4361,1
37,4361,1
43,4361,1
49,4363,1
51,4363,1
36,4364,1
39,4364,1
46,4364,1
28,4366,1
31,4366,1
36,4367,1
37,4367,1
43,4367,1
49,4368,1
53,4368,1
58,4368,1
36,4369,1
39,4369,1
46,4369,1
49,4370,1
52,4370,1
36,4371,1
39,4371,1
46,4371,1
49,4372,1
53,4372,1
58,4372,1
19,4373,1
23,4373,1
49,4374,1
52,4374,1
49,4375,1
53,4375,1
58,4375,1
36,4376,1
39,4376,1
47,4376,1
36,4377,1
37,4377,1
43,4377,1
28,4378,1
29,4378,1
36,4379,1
37,4379,1
43,4379,1
49,4380,1
52,4380,1
49,4381,1
52,4381,1
49,4382,1
50,4382,1
36,4383,1
37,4383,1
43,4383,1
28,4384,1
31,4384,1
49,4385,1
52,4385,1
36,4386,1
37,4386,1
43,4386,1
36,4387,1
49,4388,1
50,4388,1
49,4389,1
53,4389,1
58,4389,1
1,4390,1
13,4390,1
1,4392,1
13,4392,1
36,4393,1
1,4394,1
14,4394,1
28,4396,1
29,4396,1
49,4397,1
51,4397,1
49,4398,1
50,4398,1
1,4399,1
14,4399,1
28,4400,1
29,4400,1
1,4401,1
14,4401,1
49,4402,1
51,4402,1
49,4403,1
53,4403,1
58,4403,1
49,4405,1
51,4405,1
19,4406,1
23,4406,1
49,4408,1
53,4408,1
58,4408,1
28,4409,1
31,4409,1
1,4410,1
14,4410,1
49,4412,1
53,4412,1
58,4412,1
19,4413,1
23,4413,1
1,4414,1
13,4414,1
49,4416,1
52,4416,1
36,4418,1
37,4418,1
43,4418,1
49,4419,1
53,4419,1
58,4419,1
49,4420,1
53,4420,1
58,4420,1
1,4421,1
14,4421,1
49,4422,1
53,4422,1
58,4422,1
36,4423,1
39,4423,1
47,4423,1
36,4424,1
37,4424,1
43,4424,1
28,4425,1
29,4425,1
19,4426,1
23,4426,1
36,4427,1
36,4428,1
37,4428,1
43,4428,1
36,4429,1
37,4429,1
43,4429,1
19,4430,1
23,4430,1
1,4431,1
14,4431,1
1,4432,1
13,4432,1
28,4433,1
31,4433,1
28,4434,1
31,4434,1
28,4435,1
29,4435,1
36,4436,1
37,4436,1
43,4436,1
36,4438,1
39,4438,1
46,4438,1
36,4439,1
39,4439,1
47,4439,1
49,4440,1
50,4440,1
36,4441,1
39,4441,1
46,4441,1
49,4442,1
50,4442,1
36,4443,1
37,4443,1
43,4443,1
36,4444,1
37,4444,1
43,4444,1
36,4445,1
37,4445,1
43,4445,1
49,4446,1
53,4446,1
58,4446,1
36,4447,1
49,4448,1
53,4448,1
58,4448,1
28,4449,1
31,4449,1
36,4450,1
36,4451,1
39,4451,1
47,4451,1
49,4453,1
53,4453,1
58,4453,1
49,4454,1
51,4454,1
19,4455,1
23,4455,1
36,4457,1
28,4458,1
31,4458,1
36,4459,1
39,4459,1
47,4459,1
36,4460,1
37,4460,1
43,4460,1
1,4461,1
13,4461,1
49,4462,1
50,4462,1
28,4463,1
31,4463,1
36,4464,1
39,4464,1
46,4464,1
36,4465,1
37,4465,1
43,4465,1
28,4466,1
29,4466,1
28,4467,1
31,4467,1
36,4468,1
39,4468,1
47,4468,1
36,4471,1
39,4471,1
46,4471,1
49,4473,1
53,4473,1
58,4473,1
49,4474,1
50,4474,1
36,4475,1
37,4475,1
43,4475,1
36,4476,1
37,4476,1
43,4476,1
36,4477,1
37,4477,1
43,4477,1
49,4478,1
53,4478,1
58,4478,1
19,4479,1
23,4479,1
36,4480,1
37,4480,1
43,4480,1
1,4481,1
14,4481,1
28,4482,1
29,4482,1
49,4483,1
53,4483,1
58,4483,1
49,4484,1
52,4484,1
28,4485,1
31,4485,1
36,4486,1
37,4486,1
43,4486,1
49,4487,1
52,4487,1
49,4488,1
51,4488,1
36,4489,1
36,4490,1
37,4490,1
43,4490,1
36,4491,1
37,4491,1
43,4491,1
49,4492,1
53,4492,1
58,4492,1
49,4493,1
53,4493,1
58,4493,1
36,4494,1
37,4494,1
43,4494,1
1,4495,1
13,4495,1
36,4496,1
37,4496,1
43,4496,1
36,4497,1
37,4497,1
43,4497,1
1,4498,1
13,4498,1
19,4499,1
23,4499,1
28,4500,1
31,4500,1
36,4501,1
37,4501,1
43,4501,1
49,4502,1
50,4502,1
49,4503,1
50,4503,1
49,4504,1
53,4504,1
58,4504,1
36,4505,1
37,4505,1
43,4505,1
49,4506,1
53,4506,1
58,4506,1
19,4507,1
23,4507,1
1,4508,1
14,4508,1
36,4509,1
37,4509,1
43,4509,1
49,4510,1
50,4510,1
1,4511,1
13,4511,1
36,4512,1
37,4512,1
43,4512,1
1,4513,1
13,4513,1
36,4514,1
37,4514,1
43,4514,1
49,4516,1
51,4516,1
28,4518,1
31,4518,1
49,4519,1
50,4519,1
49,4521,1
50,4521,1
36,4522,1
36,4523,1
37,4523,1
43,4523,1
36,4524,1
39,4524,1
46,4524,1
36,4525,1
37,4525,1
43,4525,1
36,4526,1
39,4526,1
46,4526,1
49,4527,1
53,4527,1
58,4527,1
49,4528,1
51,4528,1
49,4529,1
53,4529,1
58,4529,1
28,4530,1
31,4530,1
19,4531,1
23,4531,1
36,4532,1
39,4532,1
47,4532,1
49,4533,1
50,4533,1
49,4534,1
52,4534,1
49,4535,1
51,4535,1
28,4536,1
29,4536,1
19,4537,1
23,4537,1
28,4539,1
31,4539,1
36,4540,1
37,4540,1
43,4540,1
28,4541,1
31,4541,1
1,4542,1
14,4542,1
36,4544,1
37,4544,1
43,4544,1
28,4545,1
31,4545,1
36,4546,1
39,4546,1
46,4546,1
28,4547,1
31,4547,1
49,4549,1
51,4549,1
49,4551,1
50,4551,1
36,4552,1
37,4552,1
43,4552,1
49,4553,1
50,4553,1
19,4554,1
23,4554,1
19,4556,1
23,4556,1
1,4557,1
14,4557,1
1,4558,1
14,4558,1
49,4560,1
52,4560,1
36,4562,1
37,4562,1
43,4562,1
36,4563,1
37,4563,1
43,4563,1
36,4564,1
37,4564,1
43,4564,1
36,4565,1
37,4565,1
43,4565,1
49,4566,1
52,4566,1
1,4567,1
14,4567,1
1,4568,1
14,4568,1
49,4570,1
51,4570,1
49,4571,1
53,4571,1
58,4571,1
1,4572,1
13,4572,1
36,4573,1
37,4573,1
43,4573,1
36,4574,1
37,4574,1
43,4574,1
49,4575,1
52,4575,1
19,4576,1
23,4576,1
28,4577,1
31,4577,1
36,4578,1
39,4578,1
47,4578,1
36,4579,1
39,4579,1
47,4579,1
49,4580,1
53,4580,1
58,4580,1
36,4581,1
39,4581,1
47,4581,1
28,4582,1
31,4582,1
49,4583,1
50,4583,1
49,4584,1
53,4584,1
58,4584,1
28,4585,1
29,4585,1
19,4587,1
23,4587,1
49,4588,1
51,4588,1
36,4589,1
37,4589,1
43,4589,1
36,4590,1
36,4591,1
19,4592,1
23,4592,1
36,4593,1
37,4593,1
43,4593,1
36,4594,1
39,4594,1
47,4594,1
49,4595,1
51,4595,1
36,4596,1
37,4596,1
43,4596,1
36,4597,1
37,4597,1
43,4597,1
28,4599,1
31,4599,1
49,4601,1
52,4601,1
49,4602,1
53,4602,1
58,4602,1
28,4603,1
31,4603,1
49,4604,1
53,4604,1
58,4604,1
36,4605,1
1,4607,1
14,4607,1
36,4608,1
37,4608,1
43,4608,1
49,4609,1
53,4609,1
58,4609,1
49,4610,1
50,4610,1
36,4611,1
39,4611,1
46,4611,1
36,4612,1
37,4612,1
43,4612,1
49,4614,1
53,4614,1
58,4614,1
19,4616,1
23,4616,1
1,4617,1
14,4617,1
36,4618,1
36,4619,1
37,4619,1
43,4619,1
49,4620,1
53,4620,1
58,4620,1
28,4622,1
29,4622,1
49,4623,1
52,4623,1
1,4625,1
14,4625,1
1,4626,1
14,4626,1
49,4628,1
51,4628,1
49,4629,1
51,4629,1
36,4630,1
39,4630,1
47,4630,1
28,4631,1
31,4631,1
28,4632,1
29,4632,1
19,4633,1
23,4633,1
36,4634,1
39,4634,1
47,4634,1
36,4635,1
37,4635,1
43,4635,1
36,4637,1
37,4637,1
43,4637,1
28,4639,1
31,4639,1
49,4640,1
52,4640,1
28,4641,1
31,4641,1
36,4642,1
37,4642,1
43,4642,1
49,4643,1
52,4643,1
36,4644,1
37,4644,1
43,4644,1
49,4645,1
53,4645,1
58,4645,1
19,4646,1
23,4646,1
1,4647,1
14,4647,1
49,4648,1
53,4648,1
58,4648,1
36,4649,1
37,4649,1
43,4649,1
36,4650,1
1,4651,1
14,4651,1
28,4652,1
29,4652,1
28,4653,1
29,4653,1
36,4654,1
36,4655,1
28,4656,1
29,4656,1
49,4657,1
50,4657,1
19,4658,1
23,4658,1
1,4659,1
14,4659,1
36,4660,1
39,4660,1
47,4660,1
49,4661,1
53,4661,1
58,4661,1
49,4662,1
51,4662,1
49,4663,1
52,4663,1
36,4664,1
37,4664,1
43,4664,1
28,4665,1
31,4665,1
28,4666,1
31,4666,1
49,4667,1
50,4667,1
36,4669,1
37,4669,1
43,4669,1
36,4670,1
37,4670,1
43,4670,1
19,4671,1
23,4671,1
49,4672,1
51,4672,1
36,4673,1
37,4673,1
43,4673,1
1,4674,1
14,4674,1
49,4675,1
50,4675,1
36,4676,1
37,4676,1
43,4676,1
49,4677,1
53,4677,1
58,4677,1
49,4678,1
51,4678,1
1,4679,1
13,4679,1
49,4680,1
53,4680,1
58,4680,1
36,4681,1
37,4681,1
43,4681,1
36,4682,1
37,4682,1
43,4682,1
49,4683,1
53,4683,1
58,4683,1
1,4684,1
13,4684,1
36,4686,1
1,4688,1
14,4688,1
49,4689,1
53,4689,1
58,4689,1
36,4690,1
39,4690,1
47,4690,1
36,4691,1
39,4691,1
46,4691,1
49,4692,1
53,4692,1
58,4692,1
28,4693,1
31,4693,1
49,4694,1
53,4694,1
58,4694,1
36,4695,1
37,4695,1
43,4695,1
49,4696,1
52,4696,1
36,4698,1
39,4698,1
46,4698,1
36,4700,1
1,4701,1
13,4701,1
28,4702,1
31,4702,1
36,4703,1
37,4703,1
43,4703,1
49,4704,1
51,4704,1
49,4705,1
51,4705,1
28,4706,1
31,4706,1
36,4707,1
37,4707,1
43,4707,1
49,4708,1
51,4708,1
28,4709,1
31,4709,1
28,4710,1
29,4710,1
36,4711,1
39,4711,1
47,4711,1
1,4712,1
14,4712,1
28,4713,1
29,4713,1
49,4714,1
50,4714,1
36,4715,1
49,4716,1
52,4716,1
28,4717,1
29,4717,1
19,4718,1
23,4718,1
49,4719,1
53,4719,1
58,4719,1
36,4720,1
39,4720,1
46,4720,1
49,4721,1
53,4721,1
58,4721,1
28,4722,1
29,4722,1
49,4725,1
51,4725,1
1,4726,1
13,4726,1
1,4727,1
14,4727,1
49,4728,1
51,4728,1
1,4729,1
13,4729,1
36,4733,1
37,4733,1
43,4733,1
49,4735,1
53,4735,1
58,4735,1
36,4736,1
37,4736,1
43,4736,1
49,4737,1
51,4737,1
36,4738,1
39,4738,1
47,4738,1
1,4739,1
13,4739,1
36,4741,1
37,4741,1
43,4741,1
49,4742,1
51,4742,1
36,4743,1
49,4744,1
53,4744,1
58,4744,1
36,4745,1
37,4745,1
43,4745,1
36,4746,1
28,4748,1
31,4748,1
36,4750,1
37,4750,1
43,4750,1
36,4751,1
36,4752,1
37,4752,1
43,4752,1
1,4754,1
13,4754,1
36,4755,1
37,4755,1
43,4755,1
19,4756,1
23,4756,1
49,4757,1
51,4757,1
36,4758,1
37,4758,1
43,4758,1
49,4759,1
53,4759,1
58,4759,1
49,4760,1
50,4760,1
36,4762,1
37,4762,1
43,4762,1
49,4763,1
50,4763,1
28,4764,1
31,4764,1
28,4765,1
31,4765,1
1,4766,1
13,4766,1
19,4767,1
23,4767,1
36,4768,1
37,4768,1
43,4768,1
36,4769,1
39,4769,1
47,4769,1
36,4770,1
39,4770,1
46,4770,1
49,4771,1
53,4771,1
58,4771,1
19,4772,1
23,4772,1
36,4773,1
39,4773,1
46,4773,1
49,4775,1
53,4775,1
58,4775,1
36,4776,1
39,4776,1
46,4776,1
19,4777,1
23,4777,1
49,4778,1
53,4778,1
58,4778,1
19,4779,1
23,4779,1
36,4780,1
49,4781,1
52,4781,1
49,4783,1
52,4783,1
28,4784,1
31,4784,1
1,4786,1
13,4786,1
28,4787,1
31,4787,1
36,4789,1
37,4789,1
43,4789,1
28,4792,1
31,4792,1
49,4793,1
50,4793,1
19,4794,1
23,4794,1
36,4795,1
37,4795,1
43,4795,1
49,4796,1
52,4796,1
19,4797,1
23,4797,1
36,4798,1
37,4798,1
43,4798,1
19,4799,1
23,4799,1
36,4800,1
39,4800,1
47,4800,1
49,4801,1
50,4801,1
36,4802,1
37,4802,1
43,4802,1
49,4803,1
50,4803,1
19,4804,1
23,4804,1
36,4805,1
37,4805,1
43,4805,1
36,4806,1
37,4806,1
43,4806,1
36,4807,1
37,4807,1
43,4807,1
36,4808,1
39,4808,1
46,4808,1
36,4809,1
37,4809,1
43,4809,1
49,4811,1
50,4811,1
36,4812,1
39,4812,1
46,4812,1
28,4813,1
29,4813,1
49,4814,1
51,4814,1
19,4815,1
23,4815,1
49,4816,1
50,4816,1
49,4817,1
52,4817,1
49,4819,1
53,4819,1
58,4819,1
36,4820,1
39,4820,1
46,4820,1
49,4821,1
50,4821,1
49,4822,1
53,4822,1
58,4822,1
49,4823,1
50,4823,1
36,4824,1
39,4824,1
46,4824,1
49,4825,1
50,4825,1
28,4826,1
29,4826,1
49,4827,1
51,4827,1
36,4830,1
39,4830,1
46,4830,1
49,4831,1
52,4831,1
36,4834,1
36,4835,1
19,4836,1
23,4836,1
36,4837,1
37,4837,1
43,4837,1
49,4838,1
53,4838,1
58,4838,1
28,4839,1
29,4839,1
36,4841,1
49,4842,1
53,4842,1
58,4842,1
28,4843,1
29,4843,1
36,4844,1
49,4845,1
50,4845,1
19,4846,1
23,4846,1
36,4847,1
39,4847,1
46,4847,1
36,4848,1
37,4848,1
43,4848,1
28,4850,1
29,4850,1
1,4851,1
14,4851,1
49,4852,1
53,4852,1
58,4852,1
36,4853,1
37,4853,1
43,4853,1
19,4854,1
23,4854,1
28,4855,1
31,4855,1
49,4856,1
50,4856,1
1,4857,1
14,4857,1
36,4858,1
37,4858,1
43,4858,1
36,4859,1
37,4859,1
43,4859,1
1,4862,1
13,4862,1
19,4863,1
23,4863,1
1,4864,1
14,4864,1
49,4865,1
50,4865,1
49,4867,1
52,4867,1
36,4869,1
37,4869,1
43,4869,1
19,4870,1
23,4870,1
36,4871,1
37,4871,1
43,4871,1
36,4873,1
37,4873,1
43,4873,1
1,4874,1
14,4874,1
49,4875,1
52,4875,1
36,4876,1
37,4876,1
43,4876,1
49,4877,1
53,4877,1
58,4877,1
36,4878,1
37,4878,1
43,4878,1
49,4879,1
53,4879,1
58,4879,1
49,4880,1
50,4880,1
19,4881,1
23,4881,1
1,4882,1
14,4882,1
49,4883,1
52,4883,1
19,4884,1
23,4884,1
36,4886,1
37,4886,1
43,4886,1
36,4887,1
39,4887,1
46,4887,1
36,4888,1
39,4888,1
47,4888,1
49,4889,1
53,4889,1
58,4889,1
49,4890,1
50,4890,1
28,4891,1
29,4891,1
49,4892,1
51,4892,1
28,4893,1
31,4893,1
36,4894,1
37,4894,1
43,4894,1
36,4895,1
37,4895,1
43,4895,1
36,4896,1
37,4896,1
43,4896,1
49,4899,1
53,4899,1
58,4899,1
28,4900,1
29,4900,1
36,4901,1
37,4901,1
43,4901,1
49,4902,1
50,4902,1
36,4903,1
37,4903,1
43,4903,1
49,4905,1
51,4905,1
1,4906,1
13,4906,1
28,4907,1
29,4907,1
49,4908,1
53,4908,1
58,4908,1
49,4910,1
53,4910,1
58,4910,1
28,4911,1
31,4911,1
36,4912,1
37,4912,1
43,4912,1
49,4913,1
53,4913,1
58,4913,1
1,4914,1
14,4914,1
36,4915,1
37,4915,1
43,4915,1
36,4916,1
37,4916,1
43,4916,1
49,4917,1
52,4917,1
49,4919,1
50,4919,1
49,4920,1
53,4920,1
58,4920,1
28,4921,1
29,4921,1
28,4922,1
31,4922,1
36,4923,1
49,4924,1
53,4924,1
58,4924,1
36,4926,1
37,4926,1
43,4926,1
36,4927,1
1,4929,1
14,4929,1
36,4930,1
37,4930,1
43,4930,1
36,4931,1
37,4931,1
43,4931,1
28,4932,1
31,4932,1
36,4933,1
37,4933,1
43,4933,1
28,4935,1
29,4935,1
36,4936,1
37,4936,1
43,4936,1
36,4937,1
37,4937,1
43,4937,1
49,4938,1
52,4938,1
49,4939,1
53,4939,1
58,4939,1
36,4940,1
37,4940,1
43,4940,1
36,4941,1
39,4941,1
47,4941,1
36,4942,1
39,4942,1
47,4942,1
49,4943,1
52,4943,1
49,4944,1
51,4944,1
36,4945,1
37,4945,1
43,4945,1
36,4946,1
37,4946,1
43,4946,1
36,4948,1
37,4948,1
43,4948,1
36,4949,1
37,4949,1
43,4949,1
36,4950,1
37,4950,1
43,4950,1
36,4951,1
37,4951,1
43,4951,1
28,4952,1
29,4952,1
1,4953,1
13,4953,1
49,4954,1
51,4954,1
49,4955,1
53,4955,1
58,4955,1
49,4956,1
53,4956,1
58,4956,1
36,4957,1
37,4957,1
43,4957,1
49,4958,1
52,4958,1
49,4959,1
50,4959,1
36,4960,1
37,4960,1
43,4960,1
28,4961,1
31,4961,1
36,4962,1
49,4963,1
53,4963,1
58,4963,1
1,4964,1
14,4964,1
36,4965,1
39,4965,1
47,4965,1
1,4966,1
13,4966,1
36,4967,1
37,4967,1
43,4967,1
1,4968,1
13,4968,1
36,4969,1
37,4969,1
43,4969,1
36,4970,1
37,4970,1
43,4970,1
49,4971,1
51,4971,1
36,4972,1
28,4973,1
29,4973,1
49,4974,1
53,4974,1
58,4974,1
49,4975,1
51,4975,1
49,4976,1
53,4976,1
58,4976,1
36,4977,1
37,4977,1
43,4977,1
36,4978,1
37,4978,1
43,4978,1
1,4979,1
14,4979,1
36,4981,1
37,4981,1
43,4981,1
36,4982,1
37,4982,1
43,4982,1
1,4983,1
14,4983,1
1,4984,1
14,4984,1
49,4985,1
52,4985,1
49,4986,1
50,4986,1
36,4987,1
37,4987,1
43,4987,1
36,4988,1
28,4989,1
29,4989,1
49,4990,1
51,4990,1
49,4991,1
51,4991,1
49,4992,1
52,4992,1
1,4993,1
14,4993,1
36,4994,1
37,4994,1
43,4994,1
36,4995,1
39,4995,1
46,4995,1
36,4996,1
39,4996,1
47,4996,1
1,4998,1
14,4998,1
28,4999,1
29,4999,1
36,5000,1
37,5000,1
43,5000,1
49,5002,1
52,5002,1
36,5003,1
37,5003,1
43,5003,1
49,5004,1
50,5004,1
49,5006,1
53,5006,1
58,5006,1
36,5007,1
37,5007,1
